{
  "sim_id": "0717009517ca4c76",
  "n_agents": 30,
  "n_ticks": 20,
  "pnl_mean": 47.48039198533426,
  "pnl_min": -8040.416666666669,
  "pnl_max": 8550.263443912676,
  "priors": {
    "signal_mu": 0.15,
    "n_ticks": 20,
    "tick_size": 0.01,
    "taker_fee_bps": 0.0,
    "bootstrap_source": "dataapi_trades_dispersion",
    "pnl_summary": {
      "n_agents": 30,
      "mean_pnl": 47.48039198533426
    }
  }
}