{
  "sim_id": "57afc2f9bea445c5",
  "n_agents": 30,
  "n_ticks": 20,
  "pnl_mean": -2.058823521999822,
  "pnl_min": -27090.94271855052,
  "pnl_max": 20178.62039060692,
  "priors": {
    "signal_mu": 0.15,
    "n_ticks": 20,
    "tick_size": 0.01,
    "taker_fee_bps": 0.0,
    "bootstrap_source": "dataapi_trades_dispersion",
    "pnl_summary": {
      "n_agents": 30,
      "mean_pnl": -2.058823521999822
    }
  }
}