{
  "sim_id": "526abfc740814202",
  "n_agents": 30,
  "n_ticks": 10,
  "pnl_mean": -0.137433333333306,
  "pnl_min": -1040.8400074770634,
  "pnl_max": 1177.5049211706519,
  "priors": {
    "signal_mu": 0.3183425205153408,
    "n_ticks": 10,
    "tick_size": 0.001,
    "taker_fee_bps": 0.0,
    "bootstrap_source": "dataapi_trades_dispersion",
    "pnl_summary": {
      "n_agents": 30,
      "mean_pnl": -0.137433333333306
    }
  }
}