{
  "sim_id": "3f8462608d3d4aa5",
  "n_agents": 30,
  "n_ticks": 20,
  "pnl_mean": 47.64705865200137,
  "pnl_min": -27067.12255004111,
  "pnl_max": 28069.544686188863,
  "priors": {
    "signal_mu": 0.15,
    "n_ticks": 20,
    "tick_size": 0.01,
    "taker_fee_bps": 0.0,
    "bootstrap_source": "dataapi_trades_dispersion",
    "pnl_summary": {
      "n_agents": 30,
      "mean_pnl": 47.64705865200137
    }
  }
}