{
  "K": 6,
  "fallback_used": false,
  "scaler": "standard",
  "scaler_comparison_k5": {
    "standard": 0.22295430972518415,
    "robust": 0.18808013095856935
  },
  "sweep": [
    {
      "k": 3,
      "silhouette": 0.18968705087215526,
      "min_cluster_pct": 0.2795767580637557,
      "median_jaccard": 0.9885738176705628,
      "per_cluster_jaccard": [
        0.9885738176705628,
        0.9876624464711653,
        0.9937723684642004
      ],
      "cluster_sizes_pct": [
        0.4199524492668701,
        0.3004707926693742,
        0.2795767580637557
      ]
    },
    {
      "k": 4,
      "silhouette": 0.17996191498449726,
      "min_cluster_pct": 0.14928101405642777,
      "median_jaccard": 0.970888560379138,
      "per_cluster_jaccard": [
        0.943230501845008,
        0.9613490973041531,
        0.9852445247136964,
        0.9804280234541229
      ],
      "cluster_sizes_pct": [
        0.34552544907154836,
        0.2630633179096536,
        0.24213021896237027,
        0.14928101405642777
      ]
    },
    {
      "k": 5,
      "silhouette": 0.22295430972518415,
      "min_cluster_pct": 0.04900823718790622,
      "median_jaccard": 0.9936101314035422,
      "per_cluster_jaccard": [
        0.9936101314035422,
        0.994793494950677,
        0.9938048212027558,
        0.9893896479648754,
        0.975500484923932
      ],
      "cluster_sizes_pct": [
        0.4434045247284018,
        0.25086716103264567,
        0.15097963939571504,
        0.10574043765533127,
        0.04900823718790622
      ]
    },
    {
      "k": 6,
      "silhouette": 0.2227994497877384,
      "min_cluster_pct": 0.042462939389653336,
      "median_jaccard": 0.9065609545330086,
      "per_cluster_jaccard": [
        0.8950062626269775,
        0.671023088571505,
        0.9417069749258672,
        0.9181156464390396,
        0.6894948592099789,
        0.962224468977499
      ],
      "cluster_sizes_pct": [
        0.26075582765890093,
        0.2418338687842234,
        0.2147797916119429,
        0.1343503532628828,
        0.1058172192923966,
        0.042462939389653336
      ]
    }
  ],
  "selection_criteria": {
    "min_silhouette": 0.2,
    "min_median_jaccard": 0.75,
    "min_cluster_pct": 0.03
  },
  "cutoff_iso_compact": "20250724T011800Z",
  "features_parquet": "data/clustering/wallet_features_20250724T011800Z.parquet",
  "total_runtime_s": 108.14
}