{
  "K": 6,
  "seed": 42,
  "feat_cols": [
    "log_notional",
    "top_market_share",
    "n_markets_per_log_dollar",
    "mean_price",
    "tail_trade_pct",
    "log_active_days",
    "price_std",
    "burstiness"
  ],
  "scaler": "standard",
  "cutoff_iso_compact": "20250825T170209Z",
  "fallback_used": false,
  "clusters": {
    "0": {
      "size": 191589,
      "pct": 0.24379998600232872,
      "centroid": {
        "log_notional": 2.4259591416348223,
        "top_market_share": 0.4078119918958542,
        "n_markets_per_log_dollar": 4.328249651418228,
        "mean_price": 0.9710372251403226,
        "tail_trade_pct": 0.9414175017346909,
        "log_active_days": 1.5507420646386694,
        "price_std": 0.04617150041699315,
        "burstiness": 0.22551065431875933
      },
      "features": {
        "log_notional": {
          "p25": 1.762675885944914,
          "p50": 2.3685081829211403,
          "p75": 3.122583128216544
        },
        "top_market_share": {
          "p25": 0.20766987249828184,
          "p50": 0.338406990257814,
          "p75": 0.5120910789977338
        },
        "n_markets_per_log_dollar": {
          "p25": 1.7873352470470631,
          "p50": 3.0257522639974557,
          "p75": 5.461560074314134
        },
        "mean_price": {
          "p25": 0.9574556742661474,
          "p50": 0.988625,
          "p75": 0.9964813920236982
        },
        "tail_trade_pct": {
          "p25": 0.9230769230769231,
          "p50": 1.0,
          "p75": 1.0
        },
        "log_active_days": {
          "p25": 1.0588252412521755,
          "p50": 1.8500583897450928,
          "p75": 2.2363526041641357
        },
        "price_std": {
          "p25": 0.0021853650760666095,
          "p50": 0.009614804629451587,
          "p75": 0.0619934472110417
        },
        "burstiness": {
          "p25": 0.065883307432686,
          "p50": 0.2437630276787463,
          "p75": 0.37114115449445834
        },
        "n_markets": {
          "p25": 3.0,
          "p50": 7.0,
          "p75": 13.0
        },
        "tx_count": {
          "p25": 5.0,
          "p50": 10.0,
          "p75": 20.0
        },
        "total_notional": {
          "p25": 57.89964299999999,
          "p50": 233.619012,
          "p75": 1326.120926
        },
        "past_accuracy": {
          "n": 117003,
          "p25": 0.9971649335459503,
          "p50": 1.0,
          "p75": 1.0
        },
        "n_resolved_prior": {
          "p25": 3.0,
          "p50": 6.0,
          "p75": 12.0
        }
      }
    },
    "1": {
      "size": 78152,
      "pct": 0.09944963701493297,
      "centroid": {
        "log_notional": 1.2679505913740026,
        "top_market_share": 0.4225184186609196,
        "n_markets_per_log_dollar": 5.12261106703795,
        "mean_price": 0.02678642832987732,
        "tail_trade_pct": 0.9393632727906684,
        "log_active_days": 1.2633995503946744,
        "price_std": 0.02718432139154703,
        "burstiness": 0.1850589038679436
      },
      "features": {
        "log_notional": {
          "p25": 0.9145864208420262,
          "p50": 1.1960024048148892,
          "p75": 1.5044380342405432
        },
        "top_market_share": {
          "p25": 0.22715878839140602,
          "p50": 0.34869225628671774,
          "p75": 0.5515645039253424
        },
        "n_markets_per_log_dollar": {
          "p25": 2.8673896791796487,
          "p50": 4.94504895968005,
          "p75": 6.389022260230191
        },
        "mean_price": {
          "p25": 0.005222222222222222,
          "p50": 0.006500000000000001,
          "p75": 0.016666666666666666
        },
        "tail_trade_pct": {
          "p25": 1.0,
          "p50": 1.0,
          "p75": 1.0
        },
        "log_active_days": {
          "p25": 0.766935834022272,
          "p50": 1.5120427885989027,
          "p75": 1.9724822495624004
        },
        "price_std": {
          "p25": 0.0014725169005550213,
          "p50": 0.0023123448651769483,
          "p75": 0.009453637041883482
        },
        "burstiness": {
          "p25": 0.0023077449295211654,
          "p50": 0.17924207031157097,
          "p75": 0.3177551193625259
        },
        "n_markets": {
          "p25": 3.0,
          "p50": 5.0,
          "p75": 8.0
        },
        "tx_count": {
          "p25": 4.0,
          "p50": 7.0,
          "p75": 10.0
        },
        "total_notional": {
          "p25": 8.2146,
          "p50": 15.703715000000003,
          "p75": 31.947585000000004
        },
        "past_accuracy": {
          "n": 37065,
          "p25": 0.0,
          "p50": 0.0,
          "p75": 0.0
        },
        "n_resolved_prior": {
          "p25": 2.0,
          "p50": 4.0,
          "p75": 7.0
        }
      }
    },
    "2": {
      "size": 111818,
      "pct": 0.14229014627566505,
      "centroid": {
        "log_notional": 1.7114016805957397,
        "top_market_share": 0.8447878062646197,
        "n_markets_per_log_dollar": 1.5337135765885739,
        "mean_price": 0.6903504458982334,
        "tail_trade_pct": 0.648318648929782,
        "log_active_days": -1.2682480667195657,
        "price_std": 0.055923698683284936,
        "burstiness": 0.009124577594262967
      },
      "features": {
        "log_notional": {
          "p25": 1.1068704935449734,
          "p50": 1.649340204558234,
          "p75": 2.2041199826559246
        },
        "top_market_share": {
          "p25": 0.6671168014137703,
          "p50": 1.0,
          "p75": 1.0
        },
        "n_markets_per_log_dollar": {
          "p25": 0.5594397953234495,
          "p50": 0.9216877904481395,
          "p75": 1.524203997378629
        },
        "mean_price": {
          "p25": 0.4205359714691701,
          "p50": 0.878999898592689,
          "p75": 0.9949999999999999
        },
        "tail_trade_pct": {
          "p25": 0.0,
          "p50": 1.0,
          "p75": 1.0
        },
        "log_active_days": {
          "p25": -2.0,
          "p50": -1.9643109040998288,
          "p75": -0.5300629863864541
        },
        "price_std": {
          "p25": 0.0005000000001459668,
          "p50": 0.004999991087038072,
          "p75": 0.06128258723996707
        },
        "burstiness": {
          "p25": 0.0,
          "p50": 0.0,
          "p75": 0.0
        },
        "n_markets": {
          "p25": 1.0,
          "p50": 1.0,
          "p75": 2.0
        },
        "tx_count": {
          "p25": 2.0,
          "p50": 2.0,
          "p75": 4.0
        },
        "total_notional": {
          "p25": 12.789998500000001,
          "p50": 44.600549,
          "p75": 160.0
        },
        "past_accuracy": {
          "n": 4221,
          "p25": 0.3225160751213074,
          "p50": 0.8634077013427522,
          "p75": 1.0
        },
        "n_resolved_prior": {
          "p25": 1.0,
          "p50": 1.0,
          "p75": 2.0
        }
      }
    },
    "3": {
      "size": 168285,
      "pct": 0.21414528310290198,
      "centroid": {
        "log_notional": 2.0488412284925857,
        "top_market_share": 0.4416950399612565,
        "n_markets_per_log_dollar": 4.806625749854553,
        "mean_price": 0.6378282007384268,
        "tail_trade_pct": 0.8111577603455153,
        "log_active_days": 1.7109704362134115,
        "price_std": 0.36874333905292167,
        "burstiness": 0.20280295458326805
      },
      "features": {
        "log_notional": {
          "p25": 1.5797754020883557,
          "p50": 2.03925941139737,
          "p75": 2.4603504973267705
        },
        "top_market_share": {
          "p25": 0.23311395619099226,
          "p50": 0.3869795419656004,
          "p75": 0.594636733446354
        },
        "n_markets_per_log_dollar": {
          "p25": 2.3392023974993585,
          "p50": 3.9168352897476266,
          "p75": 6.328935052165855
        },
        "mean_price": {
          "p25": 0.5027142857142857,
          "p50": 0.6832010868266112,