{
  "K": 6,
  "fallback_used": false,
  "scaler": "standard",
  "scaler_comparison_k5": {
    "standard": 0.21731005150623686,
    "robust": 0.18131332442417683
  },
  "sweep": [
    {
      "k": 3,
      "silhouette": 0.1862896125560701,
      "min_cluster_pct": 0.2755649901543106,
      "median_jaccard": 0.9889482612442997,
      "per_cluster_jaccard": [
        0.9943270857812785,
        0.9887459993067129,
        0.9889482612442997
      ],
      "cluster_sizes_pct": [
        0.4154290925986474,
        0.309005917247042,
        0.2755649901543106
      ]
    },
    {
      "k": 4,
      "silhouette": 0.17824878658176305,
      "min_cluster_pct": 0.15751628041900106,
      "median_jaccard": 0.965572281339517,
      "per_cluster_jaccard": [
        0.9232926657486912,
        0.9787664050060745,
        0.9779467388370078,
        0.9531978238420262
      ],
      "cluster_sizes_pct": [
        0.39010809362377913,
        0.2631896591990206,
        0.1891859667581992,
        0.15751628041900106
      ]
    },
    {
      "k": 5,
      "silhouette": 0.21731005150623686,
      "min_cluster_pct": 0.04103476843577685,
      "median_jaccard": 0.9888515106680844,
      "per_cluster_jaccard": [
        0.9888515106680844,
        0.9926860570772771,
        0.9877790422952649,
        0.9932392089873283,
        0.9611282881879579
      ],
      "cluster_sizes_pct": [
        0.45107761746608094,
        0.2494536318425083,
        0.1621097063009954,
        0.09632427595463854,
        0.04103476843577685
      ]
    },
    {
      "k": 6,
      "silhouette": 0.22311026127914468,
      "min_cluster_pct": 0.03435666224983222,
      "median_jaccard": 0.9885693831162659,
      "per_cluster_jaccard": [
        0.9847145837113982,
        0.9910286182394132,
        0.9824244109246852,
        0.9881497489476608,
        0.988989017284871,
        0.9938989156039668
      ],
      "cluster_sizes_pct": [
        0.26840381830831145,
        0.24239448149723314,
        0.21342529199045177,
        0.14278830907352186,
        0.0986314368806496,
        0.03435666224983222
      ]
    }
  ],
  "selection_criteria": {
    "min_silhouette": 0.2,
    "min_median_jaccard": 0.75,
    "min_cluster_pct": 0.03
  },
  "cutoff_iso_compact": "20250922T180734Z",
  "features_parquet": "data/clustering/wallet_features_20250922T180734Z.parquet",
  "total_runtime_s": 114.77
}