{
  "K": 6,
  "fallback_used": false,
  "scaler": "standard",
  "scaler_comparison_k5": {
    "standard": 0.22034225354434675,
    "robust": 0.18345991938120743
  },
  "sweep": [
    {
      "k": 3,
      "silhouette": 0.18777630832965958,
      "min_cluster_pct": 0.276704541759078,
      "median_jaccard": 0.9904634094559144,
      "per_cluster_jaccard": [
        0.9903590913195466,
        0.9904634094559144,
        0.9940307751904887
      ],
      "cluster_sizes_pct": [
        0.417498422774486,
        0.305797035466436,
        0.276704541759078
      ]
    },
    {
      "k": 4,
      "silhouette": 0.17744585865700396,
      "min_cluster_pct": 0.15249461792118424,
      "median_jaccard": 0.9627780730150599,
      "per_cluster_jaccard": [
        0.9221718300542543,
        0.9504733705726917,
        0.9750827754574282,
        0.9790072268175425
      ],
      "cluster_sizes_pct": [
        0.36549746017912077,
        0.2651195764580393,
        0.21688834544165567,
        0.15249461792118424
      ]
    },
    {
      "k": 5,
      "silhouette": 0.22034225354434675,
      "min_cluster_pct": 0.04736099277403074,
      "median_jaccard": 0.9925267646894045,
      "per_cluster_jaccard": [
        0.9928094418094071,
        0.9891659757959781,
        0.9947299771860455,
        0.9693503490531874,
        0.9925267646894045
      ],
      "cluster_sizes_pct": [
        0.4438917470455477,
        0.24935902855916384,
        0.16092773380335737,
        0.09846049781790037,
        0.04736099277403074
      ]
    },
    {
      "k": 6,
      "silhouette": 0.2221107247860267,
      "min_cluster_pct": 0.03908917665576159,
      "median_jaccard": 0.9834073227791351,
      "per_cluster_jaccard": [
        0.9922109211682462,
        0.9828871535436986,
        0.9839274920145717,
        0.9750653645251961,
        0.9851597632386913,
        0.9590898948484088
      ],
      "cluster_sizes_pct": [
        0.2634090184779286,
        0.24243484595222145,
        0.21425291542819233,
        0.14010705621426853,
        0.1007069872716275,
        0.03908917665576159
      ]
    }
  ],
  "selection_criteria": {
    "min_silhouette": 0.2,
    "min_median_jaccard": 0.75,
    "min_cluster_pct": 0.03
  },
  "cutoff_iso_compact": "20250812T084949Z",
  "features_parquet": "data/clustering/wallet_features_20250812T084949Z.parquet",
  "total_runtime_s": 114.96
}