{
  "K": 6,
  "fallback_used": false,
  "scaler": "standard",
  "scaler_comparison_k5": {
    "standard": 0.21777864979900072,
    "robust": 0.18168812712424304
  },
  "sweep": [
    {
      "k": 3,
      "silhouette": 0.18758007141887276,
      "min_cluster_pct": 0.276260585738918,
      "median_jaccard": 0.9882934765426754,
      "per_cluster_jaccard": [
        0.9882934765426754,
        0.9937856490519997,
        0.9871551973658947
      ],
      "cluster_sizes_pct": [
        0.4183954851147491,
        0.3053439291463329,
        0.276260585738918
      ]
    },
    {
      "k": 4,
      "silhouette": 0.17823896524274205,
      "min_cluster_pct": 0.15472262341810408,
      "median_jaccard": 0.9508778046930767,
      "per_cluster_jaccard": [
        0.93204188574872,
        0.9715896824932118,
        0.9697137236374334,
        0.8894737920808605
      ],
      "cluster_sizes_pct": [
        0.3804439806832136,
        0.26494664978462673,
        0.19988674611405557,
        0.15472262341810408
      ]
    },
    {
      "k": 5,
      "silhouette": 0.21777864979900072,
      "min_cluster_pct": 0.04214444324262418,
      "median_jaccard": 0.9920861068360491,
      "per_cluster_jaccard": [
        0.9583114013886054,
        0.9920861068360491,
        0.994039395066855,
        0.9888781747441174,
        0.9923171365160315
      ],
      "cluster_sizes_pct": [
        0.44924126258995095,
        0.24936851414719188,
        0.16180162754741712,
        0.09744415247281589,
        0.04214444324262418
      ]
    },
    {
      "k": 6,
      "silhouette": 0.22304664312031883,
      "min_cluster_pct": 0.034471174340995996,
      "median_jaccard": 0.9806793410994141,
      "per_cluster_jaccard": [
        0.9906354057218849,
        0.9857604582985997,
        0.9735628779419829,
        0.9815817499579855,
        0.9718492199624276,
        0.9797769322408427
      ],
      "cluster_sizes_pct": [
        0.2658437732631753,
        0.24379998600232872,
        0.21414528310290198,
        0.14229014627566505,
        0.09944963701493297,
        0.034471174340995996
      ]
    }
  ],
  "selection_criteria": {
    "min_silhouette": 0.2,
    "min_median_jaccard": 0.75,
    "min_cluster_pct": 0.03
  },
  "cutoff_iso_compact": "20250825T170209Z",
  "features_parquet": "data/clustering/wallet_features_20250825T170209Z.parquet",
  "total_runtime_s": 115.81
}