{
  "K": 6,
  "seed": 42,
  "feat_cols": [
    "log_notional",
    "top_market_share",
    "n_markets_per_log_dollar",
    "mean_price",
    "tail_trade_pct",
    "log_active_days",
    "price_std",
    "burstiness"
  ],
  "scaler": "standard",
  "cutoff_iso_compact": "20250810T183800Z",
  "fallback_used": false,
  "clusters": {
    "0": {
      "size": 77489,
      "pct": 0.10108812352504537,
      "centroid": {
        "log_notional": 1.2739485646029114,
        "top_market_share": 0.42452364366739254,
        "n_markets_per_log_dollar": 5.08232827333002,
        "mean_price": 0.0261325993892062,
        "tail_trade_pct": 0.9411821995152949,
        "log_active_days": 1.232516730012432,
        "price_std": 0.026408128375614986,
        "burstiness": 0.1827156525044073
      },
      "features": {
        "log_notional": {
          "p25": 0.9201222823123493,
          "p50": 1.1992287149091256,
          "p75": 1.5059521389743324
        },
        "top_market_share": {
          "p25": 0.22715576624286068,
          "p50": 0.34806662878674605,
          "p75": 0.55517618137121
        },
        "n_markets_per_log_dollar": {
          "p25": 2.8105255183760267,
          "p50": 4.912716075697975,
          "p75": 6.357931096179098
        },
        "mean_price": {
          "p25": 0.005173913043478261,
          "p50": 0.006483879199972316,
          "p75": 0.015024237363903797
        },
        "tail_trade_pct": {
          "p25": 1.0,
          "p50": 1.0,
          "p75": 1.0
        },
        "log_active_days": {
          "p25": 0.7291863583361988,
          "p50": 1.4618775242132331,
          "p75": 1.9110995681787173
        },
        "price_std": {
          "p25": 0.001448711645600589,
          "p50": 0.0022715112400359077,
          "p75": 0.008380595101389573
        },
        "burstiness": {
          "p25": 0.0001513898207473365,
          "p50": 0.1750675961608082,
          "p75": 0.31347703601540156
        },
        "n_markets": {
          "p25": 3.0,
          "p50": 5.0,
          "p75": 8.0
        },
        "tx_count": {
          "p25": 4.0,
          "p50": 6.0,
          "p75": 10.0
        },
        "total_notional": {
          "p25": 8.319980000000001,
          "p50": 15.820810000000002,
          "p75": 32.05916
        },
        "past_accuracy": {
          "n": 36630,
          "p25": 0.0,
          "p50": 0.0,
          "p75": 0.0
        },
        "n_resolved_prior": {
          "p25": 2.0,
          "p50": 4.0,
          "p75": 7.0
        }
      }
    },
    "1": {
      "size": 30637,
      "pct": 0.039967438480775525,
      "centroid": {
        "log_notional": 2.419527234867192,
        "top_market_share": 0.15004129747661954,
        "n_markets_per_log_dollar": 35.879232368811984,
        "mean_price": 0.5515174132699932,
        "tail_trade_pct": 0.42206243819864286,
        "log_active_days": 1.7984224865257437,
        "price_std": 0.21613889793075203,
        "burstiness": 0.4865746733014441
      },
      "features": {
        "log_notional": {
          "p25": 1.653597195824324,
          "p50": 2.372230450545418,
          "p75": 3.560876016548156
        },
        "top_market_share": {
          "p25": 0.05831871526739736,
          "p50": 0.09524022296661969,
          "p75": 0.17163608690880144
        },
        "n_markets_per_log_dollar": {
          "p25": 23.406380151143313,
          "p50": 31.57475643490518,
          "p75": 54.6617676624458
        },
        "mean_price": {
          "p25": 0.3866357725358477,
          "p50": 0.5451059859957414,
          "p75": 0.7507097487183585
        },
        "tail_trade_pct": {
          "p25": 0.16216216216216217,
          "p50": 0.34782608695652173,
          "p75": 0.6507936507936508
        },
        "log_active_days": {
          "p25": 1.7314861702837308,
          "p50": 2.1588304078224776,
          "p75": 2.366629310495059
        },
        "price_std": {
          "p25": 0.15487222577134674,
          "p50": 0.23007074247734813,
          "p75": 0.28659439521091096
        },
        "burstiness": {
          "p25": 0.4076950194000191,
          "p50": 0.5365021796090244,
          "p75": 0.6365389483290692
        },
        "n_markets": {
          "p25": 39.0,
          "p50": 64.0,
          "p75": 114.0
        },
        "tx_count": {
          "p25": 43.0,
          "p50": 79.0,
          "p75": 194.0
        },
        "total_notional": {
          "p25": 45.039877,
          "p50": 235.629928,
          "p75": 3638.1115960000006
        },
        "past_accuracy": {
          "n": 29825,
          "p25": 0.46440527376529656,
          "p50": 0.6444322444302202,
          "p75": 0.8369253163986616
        },
        "n_resolved_prior": {
          "p25": 37.0,
          "p50": 61.0,
          "p75": 109.0
        }
      }
    },
    "2": {
      "size": 185890,
      "pct": 0.24250243624347562,
      "centroid": {
        "log_notional": 2.422792072523316,
        "top_market_share": 0.41142852692873616,
        "n_markets_per_log_dollar": 4.236313266835289,
        "mean_price": 0.9718109517028244,
        "tail_trade_pct": 0.9418347343669814,
        "log_active_days": 1.534135114183779,
        "price_std": 0.04468226922274729,
        "burstiness": 0.22613109348991503
      },
      "features": {
        "log_notional": {
          "p25": 1.7281677930772799,
          "p50": 2.371067548101118,
          "p75": 3.134826671380931
        },
        "top_market_share": {
          "p25": 0.20857042042132712,
          "p50": 0.34116422566116666,
          "p75": 0.514373582339753
        },
        "n_markets_per_log_dollar": {
          "p25": 1.7538227782357472,
          "p50": 2.9954258523568535,
          "p75": 5.3056399318207035
        },
        "mean_price": {
          "p25": 0.9585624571407508,
          "p50": 0.989333327342786,
          "p75": 0.9966249999999999
        },
        "tail_trade_pct": {
          "p25": 0.9259259259259259,
          "p50": 1.0,
          "p75": 1.0
        },
        "log_active_days": {
          "p25": 1.0827716613000806,
          "p50": 1.8438862433944434,
          "p75": 2.1989616435452675
        },
        "price_std": {
          "p25": 0.002000000000001,
          "p50": 0.009285623734734644,
          "p75": 0.05950267385835949
        },
        "burstiness": {
          "p25": 0.06478429643449263,
          "p50": 0.24359588395378934,
          "p75": 0.3730326242048188
        },
        "n_markets": {
          "p25": 3.0,
          "p50": 7.0,
          "p75": 13.0
        },
        "tx_count": {
          "p25": 5.0,
          "p50": 10.0,
          "p75": 20.0
        },
        "total_notional": {
          "p25": 53.477093249999996,
          "p50": 234.99983,
          "p75": 1364.0386349999999
        },
        "past_accuracy": {
          "n": 114615,
          "p25": 0.9985825817659986,
          "p50": 1.0,
          "p75": 1.0
        },
        "n_resolved_prior": {
          "p25": 3.0,
          "p50": 6.0,
          "p75": 12.0
        }
      }
    },
    "3": {
      "size": 201393,
      "pct": 0.26272684459832313,
      "centroid": {
        "log_notional": 2.317780381262935,
        "top_market_share": 0.3844469259267332,
        "n_markets_per_log_dollar": 5.64807741556099,
        "mean_price": 0.5154658575335005,
        "tail_trade_pct": 0.2031115529857725,
        "log_active_days": 1.6118133067557059,
        "price_std": 0.20796408046187514,
        "burstiness": 0.277575443569657
      },
      "features": {
        "log_notional": {
          "p25": 1.6967752851903732,
          "p50": 2.216706372038817,
          "p75": 2.9030983231945173
        },
        "top_market_share": {
          "p25": 0.20290080220511372,
          "p50": 0.3376030155128348,
          "p75": 0.5182017784067764
        },
        "n_markets_per_log_dollar": {
          "p25": 2.2654371876529917,
          "p50": 4.474196797396739,