{
  "K": 6,
  "fallback_used": false,
  "scaler": "standard",
  "scaler_comparison_k5": {
    "standard": 0.221126889190971,
    "robust": 0.18686740338089358
  },
  "sweep": [
    {
      "k": 3,
      "silhouette": 0.18943698041586413,
      "min_cluster_pct": 0.2790791188005529,
      "median_jaccard": 0.9884733631814737,
      "per_cluster_jaccard": [
        0.9884733631814737,
        0.9856391236204998,
        0.995071594179009
      ],
      "cluster_sizes_pct": [
        0.42082233818112075,
        0.30009854301832634,
        0.2790791188005529
      ]
    },
    {
      "k": 4,
      "silhouette": 0.1788191607307839,
      "min_cluster_pct": 0.15153932130976236,
      "median_jaccard": 0.9693013255422306,
      "per_cluster_jaccard": [
        0.9312437312510942,
        0.9839711575953054,
        0.9818266749563387,
        0.9567759761281225
      ],
      "cluster_sizes_pct": [
        0.3564611813257674,
        0.26224876490545823,
        0.22975073245901206,
        0.15153932130976236
      ]
    },
    {
      "k": 5,
      "silhouette": 0.221126889190971,
      "min_cluster_pct": 0.04914452755567019,
      "median_jaccard": 0.9874143606562217,
      "per_cluster_jaccard": [
        0.9951236387851157,
        0.975472000401143,
        0.9935254093695416,
        0.9858832700786309,
        0.9874143606562217
      ],
      "cluster_sizes_pct": [
        0.4410243183005628,
        0.24976356289227067,
        0.15748364781122068,
        0.10258394344027566,
        0.04914452755567019
      ]
    },
    {
      "k": 6,
      "silhouette": 0.22462982369680073,
      "min_cluster_pct": 0.042724020026057685,
      "median_jaccard": 0.9813879974436055,
      "per_cluster_jaccard": [
        0.9464327181432445,
        0.9826914452897757,
        0.9800845495974352,
        0.9921692189104174,
        0.9764978511059188,
        0.9892086592709615
      ],
      "cluster_sizes_pct": [
        0.26048292692605307,
        0.24159044463403503,
        0.21416506286250933,
        0.13653697347274857,
        0.10450057207859632,
        0.042724020026057685
      ]
    }
  ],
  "selection_criteria": {
    "min_silhouette": 0.2,
    "min_median_jaccard": 0.75,
    "min_cluster_pct": 0.03
  },
  "cutoff_iso_compact": "20250731T103528Z",
  "features_parquet": "data/clustering/wallet_features_20250731T103528Z.parquet",
  "total_runtime_s": 109.66
}