{
  "K": 6,
  "fallback_used": false,
  "scaler": "standard",
  "scaler_comparison_k5": {
    "standard": 0.21746541819140885,
    "robust": 0.18237608759979226
  },
  "sweep": [
    {
      "k": 3,
      "silhouette": 0.18642559216330462,
      "min_cluster_pct": 0.27726347362711,
      "median_jaccard": 0.9871765441475888,
      "per_cluster_jaccard": [
        0.9867965926438268,
        0.9931729888887375,
        0.9871765441475888
      ],
      "cluster_sizes_pct": [
        0.41715179169724625,
        0.3055847346756438,
        0.27726347362711
      ]
    },
    {
      "k": 4,
      "silhouette": 0.17777563940763524,
      "min_cluster_pct": 0.15392577938032484,
      "median_jaccard": 0.9640070081716124,
      "per_cluster_jaccard": [
        0.9529685391706042,
        0.9768112284421893,
        0.9750454771726207,
        0.9210505334587987
      ],
      "cluster_sizes_pct": [
        0.3735894572258209,
        0.26384504929959474,
        0.20863971409425955,
        0.15392577938032484
      ]
    },
    {
      "k": 5,
      "silhouette": 0.21746541819140885,
      "min_cluster_pct": 0.043425763425763424,
      "median_jaccard": 0.9905439898281001,
      "per_cluster_jaccard": [
        0.9905439898281001,
        0.9927833573387339,
        0.9888728115092037,
        0.9447695396708555,
        0.9909892882989125
      ],
      "cluster_sizes_pct": [
        0.44830147739238646,
        0.24914132550496187,
        0.16183030728485273,
        0.09730112639203549,
        0.043425763425763424
      ]
    },
    {
      "k": 6,
      "silhouette": 0.22303219989504447,
      "min_cluster_pct": 0.03593733048278503,
      "median_jaccard": 0.9856574689434517,
      "per_cluster_jaccard": [
        0.983542408017456,
        0.9881538979085561,
        0.9877725298694475,
        0.9940688882166011,
        0.979337900558848,
        0.9738061690757849
      ],
      "cluster_sizes_pct": [
        0.26627652445834266,
        0.2432764287309742,
        0.2148198730016912,
        0.14060691151600244,
        0.09908293181020454,
        0.03593733048278503
      ]
    }
  ],
  "selection_criteria": {
    "min_silhouette": 0.2,
    "min_median_jaccard": 0.75,
    "min_cluster_pct": 0.03
  },
  "cutoff_iso_compact": "20250823T035621Z",
  "features_parquet": "data/clustering/wallet_features_20250823T035621Z.parquet",
  "total_runtime_s": 114.53
}