{
  "K": 6,
  "fallback_used": false,
  "scaler": "standard",
  "scaler_comparison_k5": {
    "standard": 0.2101822811610844,
    "robust": 0.18100918806575705
  },
  "sweep": [
    {
      "k": 3,
      "silhouette": 0.19367125052962364,
      "min_cluster_pct": 0.2787809646997151,
      "median_jaccard": 0.9861875962493974,
      "per_cluster_jaccard": [
        0.9861875962493974,
        0.9939053484145546,
        0.983344442588979
      ],
      "cluster_sizes_pct": [
        0.42078751038140294,
        0.300431524918882,
        0.2787809646997151
      ]
    },
    {
      "k": 4,
      "silhouette": 0.20851258306796505,
      "min_cluster_pct": 0.05213146396109145,
      "median_jaccard": 0.7536144982880424,
      "per_cluster_jaccard": [
        0.9223156481307786,
        0.6719324488293841,
        0.28706155114798615,
        0.8352965477467007
      ],
      "cluster_sizes_pct": [
        0.42499831788634135,
        0.287436569251364,
        0.2354336489012032,
        0.05213146396109145
      ]
    },
    {
      "k": 5,
      "silhouette": 0.2101822811610844,
      "min_cluster_pct": 0.05599580626469339,
      "median_jaccard": 0.9861097309960992,
      "per_cluster_jaccard": [
        0.9861097309960992,
        0.9823174568088662,
        0.987172125439181,
        0.9904613504005811,
        0.9527377503535222
      ],
      "cluster_sizes_pct": [
        0.41235284016104107,
        0.24183471902676418,
        0.17698245881834276,
        0.11283417572915862,
        0.05599580626469339
      ]
    },
    {
      "k": 6,
      "silhouette": 0.2124924148555642,
      "min_cluster_pct": 0.0518753809861906,
      "median_jaccard": 0.9813133021150207,
      "per_cluster_jaccard": [
        0.9859198695943578,
        0.911926540259731,
        0.9826167963980632,
        0.9945389119961665,
        0.9687112637745989,
        0.980009807831978
      ],
      "cluster_sizes_pct": [
        0.3140300330095976,
        0.19603001091616445,
        0.17832413275743117,
        0.13650226809176005,
        0.12323817423885612,
        0.0518753809861906
      ]
    }
  ],
  "selection_criteria": {
    "min_silhouette": 0.2,
    "min_median_jaccard": 0.75,
    "min_cluster_pct": 0.03
  },
  "cutoff_iso_compact": "20260212T034115Z",
  "features_parquet": "data/clustering/wallet_features_20260212T034115Z.parquet",
  "total_runtime_s": 114.16
}