{
  "K": 6,
  "fallback_used": false,
  "scaler": "standard",
  "scaler_comparison_k5": {
    "standard": 0.20978066643521398,
    "robust": 0.19113994639968637
  },
  "sweep": [
    {
      "k": 3,
      "silhouette": 0.19226661802798647,
      "min_cluster_pct": 0.27741737495194063,
      "median_jaccard": 0.990557185940513,
      "per_cluster_jaccard": [
        0.9919663673707404,
        0.9887662233529699,
        0.990557185940513
      ],
      "cluster_sizes_pct": [
        0.41432182030114584,
        0.30826080474691353,
        0.27741737495194063
      ]
    },
    {
      "k": 4,
      "silhouette": 0.20615138185215123,
      "min_cluster_pct": 0.05233130401501632,
      "median_jaccard": 0.9846226018605865,
      "per_cluster_jaccard": [
        0.9456773249065666,
        0.9954951457238724,
        0.9843779891564031,
        0.9848672145647699
      ],
      "cluster_sizes_pct": [
        0.405441409427394,
        0.29227850628455154,
        0.24994878027303818,
        0.05233130401501632
      ]
    },
    {
      "k": 5,
      "silhouette": 0.20978066643521398,
      "min_cluster_pct": 0.054466403782326187,
      "median_jaccard": 0.8913505169113748,
      "per_cluster_jaccard": [
        0.9152458395756093,
        0.6214288379740871,
        0.8913505169113748,
        0.8416605817156855,
        0.9337860733316304
      ],
      "cluster_sizes_pct": [
        0.4037962753886378,
        0.23942497901080975,
        0.1711732761183555,
        0.13113906569987072,
        0.054466403782326187
      ]
    },
    {
      "k": 6,
      "silhouette": 0.21423694617013914,
      "min_cluster_pct": 0.048342704000544016,
      "median_jaccard": 0.9838573805635366,
      "per_cluster_jaccard": [
        0.9830659110665922,
        0.9846488500604809,
        0.9873180441684634,
        0.9964036454307674,
        0.9655172959913844,
        0.9825052010020743
      ],
      "cluster_sizes_pct": [
        0.3176503615022942,
        0.1955216086220019,
        0.1817302067358954,
        0.1350247903478495,
        0.12173032879141496,
        0.048342704000544016
      ]
    }
  ],
  "selection_criteria": {
    "min_silhouette": 0.2,
    "min_median_jaccard": 0.75,
    "min_cluster_pct": 0.03
  },
  "cutoff_iso_compact": "20260502T193524Z",
  "features_parquet": "data/clustering/wallet_features_20260502T193524Z.parquet",
  "total_runtime_s": 116.54
}