{
  "K": 6,
  "seed": 42,
  "feat_cols": [
    "log_notional",
    "top_market_share",
    "n_markets_per_log_dollar",
    "mean_price",
    "tail_trade_pct",
    "log_active_days",
    "price_std",
    "burstiness"
  ],
  "scaler": "standard",
  "cutoff_iso_compact": "20260212T034115Z",
  "fallback_used": false,
  "clusters": {
    "0": {
      "size": 135925,
      "pct": 0.13650226809176005,
      "centroid": {
        "log_notional": 1.8778516713876825,
        "top_market_share": 0.7805307344120231,
        "n_markets_per_log_dollar": 1.4573091110791108,
        "mean_price": 0.9731190314528406,
        "tail_trade_pct": 0.9726955082317166,
        "log_active_days": -0.6770684713435733,
        "price_std": 0.019639147714130945,
        "burstiness": 0.012499701770044613
      },
      "features": {
        "log_notional": {
          "p25": 1.127964692251937,
          "p50": 1.7958522216077604,
          "p75": 2.494696945161042
        },
        "top_market_share": {
          "p25": 0.5118312757201646,
          "p50": 0.9570084582536946,
          "p75": 1.0
        },
        "n_markets_per_log_dollar": {
          "p25": 0.5591385952006512,
          "p50": 0.949694352039086,
          "p75": 1.7029012836851263
        },
        "mean_price": {
          "p25": 0.9784999999892596,
          "p50": 0.9944999774810296,
          "p75": 0.9984999627254707
        },
        "tail_trade_pct": {
          "p25": 1.0,
          "p50": 1.0,
          "p75": 1.0
        },
        "log_active_days": {
          "p25": -2.0,
          "p50": -0.8008087723521681,
          "p75": 0.34509451375579264
        },
        "price_std": {
          "p25": 0.0004999999999239222,
          "p50": 0.0009999999959065527,
          "p75": 0.007071272564064168
        },
        "burstiness": {
          "p25": 0.0,
          "p50": 0.0,
          "p75": 0.0
        },
        "n_markets": {
          "p25": 1.0,
          "p50": 2.0,
          "p75": 2.0
        },
        "tx_count": {
          "p25": 2.0,
          "p50": 2.0,
          "p75": 4.0
        },
        "total_notional": {
          "p25": 13.426558,
          "p50": 62.495999999999995,
          "p75": 312.38987199999997
        },
        "past_accuracy": {
          "n": 6162,
          "p25": 1.0,
          "p50": 1.0,
          "p75": 1.0
        },
        "n_resolved_prior": {
          "p25": 1.0,
          "p50": 1.0,
          "p75": 2.0
        }
      }
    },
    "1": {
      "size": 51656,
      "pct": 0.0518753809861906,
      "centroid": {
        "log_notional": 2.6755426776543243,
        "top_market_share": 0.1710570797212551,
        "n_markets_per_log_dollar": 28.98922186389926,
        "mean_price": 0.557969076990796,
        "tail_trade_pct": 0.4032429077038795,
        "log_active_days": 2.027863301093571,
        "price_std": 0.22308882873090657,
        "burstiness": 0.5189026736207514
      },
      "features": {
        "log_notional": {
          "p25": 2.006416648345662,
          "p50": 2.6774164484588936,
          "p75": 3.587451176917134
        },
        "top_market_share": {
          "p25": 0.06703550180522194,
          "p50": 0.10771565265585661,
          "p75": 0.1869807167475546
        },
        "n_markets_per_log_dollar": {
          "p25": 18.001693504352318,
          "p50": 24.488534820597728,
          "p75": 40.036127309027336
        },
        "mean_price": {
          "p25": 0.4007819378540802,
          "p50": 0.5524268888304482,
          "p75": 0.7260713617202359
        },
        "tail_trade_pct": {
          "p25": 0.16279069767441862,
          "p50": 0.32181420112454595,
          "p75": 0.6119402985074627
        },
        "log_active_days": {
          "p25": 1.910884606993593,
          "p50": 2.2642082257904703,
          "p75": 2.4987378959747657
        },
        "price_std": {
          "p25": 0.17012158909262315,
          "p50": 0.2370323453242663,
          "p75": 0.2849124221606702
        },
        "burstiness": {
          "p25": 0.42828859324896335,
          "p50": 0.5482538958959507,
          "p75": 0.6517013841962601
        },
        "n_markets": {
          "p25": 38.0,
          "p50": 57.0,
          "p75": 96.0
        },
        "tx_count": {
          "p25": 44.0,
          "p50": 74.0,
          "p75": 159.0
        },
        "total_notional": {
          "p25": 101.4884585,
          "p50": 475.79125200000004,
          "p75": 3867.6857240000004
        },
        "past_accuracy": {
          "n": 50834,
          "p25": 0.4843946866648561,
          "p50": 0.6607653866483998,
          "p75": 0.8569229259270732
        },
        "n_resolved_prior": {
          "p25": 37.0,
          "p50": 55.0,
          "p75": 94.0
        }
      }
    },
    "2": {
      "size": 195201,
      "pct": 0.19603001091616445,
      "centroid": {
        "log_notional": 2.5843231057755096,
        "top_market_share": 0.3905623205177443,
        "n_markets_per_log_dollar": 4.465481442068689,
        "mean_price": 0.9695860666936007,
        "tail_trade_pct": 0.9401513053884679,
        "log_active_days": 1.7659186973410357,
        "price_std": 0.05143509061051113,
        "burstiness": 0.2724278147286652
      },
      "features": {
        "log_notional": {
          "p25": 1.9780293186941187,
          "p50": 2.506653817040762,
          "p75": 3.2370609277333924
        },
        "top_market_share": {
          "p25": 0.20038019860842085,
          "p50": 0.3247864061574532,
          "p75": 0.5042941103377098
        },
        "n_markets_per_log_dollar": {
          "p25": 1.8790708757470402,
          "p50": 3.3224287400436556,
          "p75": 5.780199091195841
        },
        "mean_price": {
          "p25": 0.9527409055252406,
          "p50": 0.9864999527741265,
          "p75": 0.99610078558582
        },
        "tail_trade_pct": {
          "p25": 0.9166666666666666,
          "p50": 1.0,
          "p75": 1.0
        },
        "log_active_days": {
          "p25": 1.360072916731121,
          "p50": 2.013011655103336,
          "p75": 2.3963916460033663
        },
        "price_std": {
          "p25": 0.002947880594627507,
          "p50": 0.011989563044939632,
          "p75": 0.07969120115638761
        },
        "burstiness": {
          "p25": 0.16043394289514493,
          "p50": 0.2680905332685558,
          "p75": 0.393320707732504
        },
        "n_markets": {
          "p25": 4.0,
          "p50": 8.0,
          "p75": 14.0
        },
        "tx_count": {
          "p25": 6.0,
          "p50": 11.0,
          "p75": 22.0
        },
        "total_notional": {
          "p25": 95.066897,
          "p50": 321.10999000000004,
          "p75": 1726.080029
        },
        "past_accuracy": {
          "n": 138498,
          "p25": 0.9981443506471882,
          "p50": 1.0,
          "p75": 1.0
        },
        "n_resolved_prior": {
          "p25": 4.0,
          "p50": 7.0,
          "p75": 14.0
        }
      }
    },
    "3": {
      "size": 122717,
      "pct": 0.12323817423885612,
      "centroid": {
        "log_notional": 1.308826367350081,
        "top_market_share": 0.5523329742842998,
        "n_markets_per_log_dollar": 4.160533604236524,
        "mean_price": 0.02822298557411973,
        "tail_trade_pct": 0.9447135896944621,
        "log_active_days": 0.6027921413509318,
        "price_std": 0.026114275916177238,
        "burstiness": 0.14009675219013246
      },
      "features": {
        "log_notional": {
          "p25": 0.8919219641646671,
          "p50": 1.2325618528456705,
          "p75": 1.662757831681574
        },
        "top_market_share": {
          "p25": 0.2771646147136771,
          "p50": 0.5000001250000312,
          "p75": 0.8875463654985329
        },
        "n_markets_per_log_dollar": {
          "p25": 1.4096690167529402,
          "p50": 3.713923688227811,
          "p75": 5.946360495561792
        },