{
  "K": 6,
  "seed": 42,
  "feat_cols": [
    "log_notional",
    "top_market_share",
    "n_markets_per_log_dollar",
    "mean_price",
    "tail_trade_pct",
    "log_active_days",
    "price_std",
    "burstiness"
  ],
  "scaler": "standard",
  "cutoff_iso_compact": "20250914T062844Z",
  "fallback_used": false,
  "clusters": {
    "0": {
      "size": 215027,
      "pct": 0.2678039223989229,
      "centroid": {
        "log_notional": 2.3604223694323028,
        "top_market_share": 0.37387126590954345,
        "n_markets_per_log_dollar": 6.074174248286769,
        "mean_price": 0.51602953680672,
        "tail_trade_pct": 0.20983667651100613,
        "log_active_days": 1.6609204789308891,
        "price_std": 0.2107317836764327,
        "burstiness": 0.2909132536041048
      },
      "features": {
        "log_notional": {
          "p25": 1.739334232018086,
          "p50": 2.2619678522935094,
          "p75": 2.9672507702583433
        },
        "top_market_share": {
          "p25": 0.19397778842321678,
          "p50": 0.3268933683804737,
          "p75": 0.5063291204133956
        },
        "n_markets_per_log_dollar": {
          "p25": 2.393299119997229,
          "p50": 4.76463080127001,
          "p75": 8.350284121244869
        },
        "mean_price": {
          "p25": 0.4089251028466444,
          "p50": 0.5199999714999971,
          "p75": 0.6366666454123588
        },
        "tail_trade_pct": {
          "p25": 0.0,
          "p50": 0.2,
          "p75": 0.3333333333333333
        },
        "log_active_days": {
          "p25": 1.2253101792945253,
          "p50": 1.8507459041183456,
          "p75": 2.2449680732302477
        },
        "price_std": {
          "p25": 0.15266030754684856,
          "p50": 0.22131445815979503,
          "p75": 0.2754020344557171
        },
        "burstiness": {
          "p25": 0.16769135780561048,
          "p50": 0.3040926612310736,
          "p75": 0.4336212369042703
        },
        "n_markets": {
          "p25": 5.0,
          "p50": 10.0,
          "p75": 20.0
        },
        "tx_count": {
          "p25": 7.0,
          "p50": 14.0,
          "p75": 28.0
        },
        "total_notional": {
          "p25": 54.869907999999995,
          "p50": 182.79649,
          "p75": 927.365148
        },
        "past_accuracy": {
          "n": 156846,
          "p25": 0.42038803501651767,
          "p50": 0.6035409497037114,
          "p75": 0.7815654170926754
        },
        "n_resolved_prior": {
          "p25": 4.0,
          "p50": 9.0,
          "p75": 19.0
        }
      }
    },
    "1": {
      "size": 194717,
      "pct": 0.24250897030489696,
      "centroid": {
        "log_notional": 2.4299011646930033,
        "top_market_share": 0.4071210888044974,
        "n_markets_per_log_dollar": 4.362030869106907,
        "mean_price": 0.9713309201663411,
        "tail_trade_pct": 0.9420458821644124,
        "log_active_days": 1.5568721761768414,
        "price_std": 0.045392912198143634,
        "burstiness": 0.22429437104881256
      },
      "features": {
        "log_notional": {
          "p25": 1.785473484409165,
          "p50": 2.363481418115709,
          "p75": 3.114912465395477
        },
        "top_market_share": {
          "p25": 0.20588215682228397,
          "p50": 0.3385304589193707,
          "p75": 0.5128222849184964
        },
        "n_markets_per_log_dollar": {
          "p25": 1.7880986833230514,
          "p50": 3.0094044778982147,
          "p75": 5.458842081225093
        },
        "mean_price": {
          "p25": 0.9583214283033895,
          "p50": 0.9884666506248987,
          "p75": 0.9964999990243409
        },
        "tail_trade_pct": {
          "p25": 0.9285714285714286,
          "p50": 1.0,
          "p75": 1.0
        },
        "log_active_days": {
          "p25": 1.0394513003312391,
          "p50": 1.8465577376636741,
          "p75": 2.2660797025341153
        },
        "price_std": {
          "p25": 0.0021778557393216163,
          "p50": 0.009594646096083901,
          "p75": 0.05962989300464075
        },
        "burstiness": {
          "p25": 0.06508453240481973,
          "p50": 0.2413211543072984,
          "p75": 0.36934351150434364
        },
        "n_markets": {
          "p25": 3.0,
          "p50": 7.0,
          "p75": 13.0
        },
        "tx_count": {
          "p25": 5.0,
          "p50": 10.0,
          "p75": 21.0
        },
        "total_notional": {
          "p25": 61.02018,
          "p50": 230.930565,
          "p75": 1302.904144
        },
        "past_accuracy": {
          "n": 119793,
          "p25": 0.9976137999711044,
          "p50": 1.0,
          "p75": 1.0
        },
        "n_resolved_prior": {
          "p25": 3.0,
          "p50": 6.0,
          "p75": 12.0
        }
      }
    },
    "2": {
      "size": 79191,
      "pct": 0.09862789518847916,
      "centroid": {
        "log_notional": 1.270873530377807,
        "top_market_share": 0.4240224910508551,
        "n_markets_per_log_dollar": 5.138633991757953,
        "mean_price": 0.02761623884133846,
        "tail_trade_pct": 0.9370109394152855,
        "log_active_days": 1.2705211039199995,
        "price_std": 0.027989584538126416,
        "burstiness": 0.18692991636550937
      },
      "features": {
        "log_notional": {
          "p25": 0.9159799141402244,
          "p50": 1.1988395622445682,
          "p75": 1.50794629527857
        },
        "top_market_share": {
          "p25": 0.22733439424023022,
          "p50": 0.34965035454056437,
          "p75": 0.5552260934025204
        },
        "n_markets_per_log_dollar": {
          "p25": 2.8324024550622933,
          "p50": 4.944794866211241,
          "p75": 6.402461099494979
        },
        "mean_price": {
          "p25": 0.00525,
          "p50": 0.006583333333333333,
          "p75": 0.01928795272746449
        },
        "tail_trade_pct": {
          "p25": 1.0,
          "p50": 1.0,
          "p75": 1.0
        },
        "log_active_days": {
          "p25": 0.7609165656953436,
          "p50": 1.5231409015935486,
          "p75": 2.0114601583672616
        },
        "price_std": {
          "p25": 0.0014846149779161792,
          "p50": 0.0023476532863170355,
          "p75": 0.010606354236481923
        },
        "burstiness": {
          "p25": 0.0034423013779683424,
          "p50": 0.18153319106185284,
          "p75": 0.32050242054968925
        },
        "n_markets": {
          "p25": 3.0,
          "p50": 5.0,
          "p75": 8.0
        },
        "tx_count": {
          "p25": 4.0,
          "p50": 7.0,
          "p75": 10.0
        },
        "total_notional": {
          "p25": 8.241,
          "p50": 15.806640000000002,
          "p75": 32.206705
        },
        "past_accuracy": {
          "n": 38281,
          "p25": 0.0,
          "p50": 0.0,
          "p75": 0.0
        },
        "n_resolved_prior": {
          "p25": 2.0,
          "p50": 4.0,
          "p75": 7.0
        }
      }
    },
    "3": {
      "size": 27941,
      "pct": 0.03479892941699557,
      "centroid": {
        "log_notional": 2.541622926512078,
        "top_market_share": 0.14827620261217128,
        "n_markets_per_log_dollar": 39.703248606396556,
        "mean_price": 0.5487894334574595,
        "tail_trade_pct": 0.4290819270151756,
        "log_active_days": 1.8159431933819599,
        "price_std": 0.21949344560395978,
        "burstiness": 0.49238544919414357
      },
      "features": {
        "log_notional": {
          "p25": 1.7145805887775092,
          "p50": 2.596180655004683,
          "p75": 3.804829310612599
        },
        "top_market_share": {
          "p25": 0.05695665787802328,
          "p50": 0.09440284501204876,
          "p75": 0.1691708075881555
        },
        "n_markets_per_log_dollar": {
          "p25": 26.897454460725744,
          "p50": 37.35702691378806,
          "p75": 61.52288092748932
        },