{
  "K": 6,
  "seed": 42,
  "feat_cols": [
    "log_notional",
    "top_market_share",
    "n_markets_per_log_dollar",
    "mean_price",
    "tail_trade_pct",
    "log_active_days",
    "price_std",
    "burstiness"
  ],
  "scaler": "standard",
  "cutoff_iso_compact": "20251023T140417Z",
  "fallback_used": false,
  "clusters": {
    "0": {
      "size": 85452,
      "pct": 0.10053732382849405,
      "centroid": {
        "log_notional": 1.3021851717098298,
        "top_market_share": 0.44692048579494414,
        "n_markets_per_log_dollar": 4.981801334578673,
        "mean_price": 0.02948458798008824,
        "tail_trade_pct": 0.9312119143419615,
        "log_active_days": 1.1835140695866078,
        "price_std": 0.028826855929152156,
        "burstiness": 0.18164090784380094
      },
      "features": {
        "log_notional": {
          "p25": 0.9242734306858291,
          "p50": 1.2290117114528896,
          "p75": 1.5681689041468543
        },
        "top_market_share": {
          "p25": 0.2304232487272588,
          "p50": 0.3680990700475825,
          "p75": 0.5979941681369826
        },
        "n_markets_per_log_dollar": {
          "p25": 2.3618099056244226,
          "p50": 4.823541890659056,
          "p75": 6.441423128223445
        },
        "mean_price": {
          "p25": 0.0052307692307692315,
          "p50": 0.006666666666666667,
          "p75": 0.027333333333333334
        },
        "tail_trade_pct": {
          "p25": 1.0,
          "p50": 1.0,
          "p75": 1.0
        },
        "log_active_days": {
          "p25": 0.5623200619771997,
          "p50": 1.432846113499415,
          "p75": 2.028966936646995
        },
        "price_std": {
          "p25": 0.0014790199457749037,
          "p50": 0.002422297725368906,
          "p75": 0.014696928082233267
        },
        "burstiness": {
          "p25": 0.0,
          "p50": 0.17157200032232278,
          "p75": 0.3147502430923163
        },
        "n_markets": {
          "p25": 2.0,
          "p50": 5.0,
          "p75": 8.0
        },
        "tx_count": {
          "p25": 4.0,
          "p50": 6.0,
          "p75": 10.0
        },
        "total_notional": {
          "p25": 8.39988675,
          "p50": 16.943835,
          "p75": 36.997204
        },
        "past_accuracy": {
          "n": 39428,
          "p25": 0.0,
          "p50": 0.0,
          "p75": 0.0
        },
        "n_resolved_prior": {
          "p25": 2.0,
          "p50": 4.0,
          "p75": 7.0
        }
      }
    },
    "1": {
      "size": 205976,
      "pct": 0.24233810575408288,
      "centroid": {
        "log_notional": 2.4561710630758165,
        "top_market_share": 0.4035724364163352,
        "n_markets_per_log_dollar": 4.4656474812616835,
        "mean_price": 0.9691896192572707,
        "tail_trade_pct": 0.9403173132204594,
        "log_active_days": 1.6035901051516823,
        "price_std": 0.05077134947140477,
        "burstiness": 0.22961118161021182
      },
      "features": {
        "log_notional": {
          "p25": 1.8325252127056553,
          "p50": 2.3763351133954096,
          "p75": 3.12897267622836
        },
        "top_market_share": {
          "p25": 0.2038268855474527,
          "p50": 0.33674868246511336,
          "p75": 0.5107199075745423
        },
        "n_markets_per_log_dollar": {
          "p25": 1.8169068438772502,
          "p50": 3.1133871235447574,
          "p75": 5.667266323277973
        },
        "mean_price": {
          "p25": 0.9539999962549996,
          "p50": 0.9869999106487604,
          "p75": 0.9963076923076921
        },
        "tail_trade_pct": {
          "p25": 0.9230769230769231,
          "p50": 1.0,
          "p75": 1.0
        },
        "log_active_days": {
          "p25": 1.066226676815662,
          "p50": 1.902773984254001,
          "p75": 2.3217109201169768
        },
        "price_std": {
          "p25": 0.0024874685927730243,
          "p50": 0.010614455552049186,
          "p75": 0.07564574022935937
        },
        "burstiness": {
          "p25": 0.07630723624063485,
          "p50": 0.24271282254928445,
          "p75": 0.37391772702170833
        },
        "n_markets": {
          "p25": 4.0,
          "p50": 7.0,
          "p75": 14.0
        },
        "tx_count": {
          "p25": 6.0,
          "p50": 10.0,
          "p75": 21.0
        },
        "total_notional": {
          "p25": 68.00255224999998,
          "p50": 237.86750300000003,
          "p75": 1345.7756814999998
        },
        "past_accuracy": {
          "n": 129582,
          "p25": 0.9954685780176713,
          "p50": 1.0,
          "p75": 1.0
        },
        "n_resolved_prior": {
          "p25": 3.0,
          "p50": 7.0,
          "p75": 13.0
        }
      }
    },
    "2": {
      "size": 226190,
      "pct": 0.2661205972565542,
      "centroid": {
        "log_notional": 2.35891939939213,
        "top_market_share": 0.3790326792024677,
        "n_markets_per_log_dollar": 5.927633772278174,
        "mean_price": 0.5160437050152721,
        "tail_trade_pct": 0.21418526538162308,
        "log_active_days": 1.6712688969982672,
        "price_std": 0.21206484726594285,
        "burstiness": 0.29010841168255197
      },
      "features": {
        "log_notional": {
          "p25": 1.7412056379598835,
          "p50": 2.2612627593264616,
          "p75": 2.962686220929165
        },
        "top_market_share": {
          "p25": 0.19794432496234304,
          "p50": 0.3320839787820914,
          "p75": 0.5124393672841636
        },
        "n_markets_per_log_dollar": {
          "p25": 2.3404671865798816,
          "p50": 4.656745485095435,
          "p75": 8.193357288330189
        },
        "mean_price": {
          "p25": 0.4072499874079395,
          "p50": 0.519999932402269,
          "p75": 0.6389999773791356
        },
        "tail_trade_pct": {
          "p25": 0.0,
          "p50": 0.2,
          "p75": 0.35
        },
        "log_active_days": {
          "p25": 1.2245804181590674,
          "p50": 1.8637297516718336,
          "p75": 2.26373400002423
        },
        "price_std": {
          "p25": 0.15380379399309763,
          "p50": 0.22290921026755603,
          "p75": 0.2767940678648306
        },
        "burstiness": {
          "p25": 0.16631717881732072,
          "p50": 0.3020264255220725,
          "p75": 0.4333215916961209
        },
        "n_markets": {
          "p25": 4.0,
          "p50": 9.0,
          "p75": 19.0
        },
        "tx_count": {
          "p25": 6.0,
          "p50": 13.0,
          "p75": 28.0
        },
        "total_notional": {
          "p25": 55.106856500000006,
          "p50": 182.499954,
          "p75": 917.6693385000001
        },
        "past_accuracy": {
          "n": 163365,
          "p25": 0.4217218686037278,
          "p50": 0.6061522555564877,
          "p75": 0.7848605149124533
        },
        "n_resolved_prior": {
          "p25": 4.0,
          "p50": 9.0,
          "p75": 19.0
        }
      }
    },
    "3": {
      "size": 30868,
      "pct": 0.03631730225083034,
      "centroid": {
        "log_notional": 2.6196370291013613,
        "top_market_share": 0.15038328193383232,
        "n_markets_per_log_dollar": 38.105438654805994,
        "mean_price": 0.5532627035414149,
        "tail_trade_pct": 0.43123140569106067,
        "log_active_days": 1.8907295797412016,
        "price_std": 0.22197821559860792,
        "burstiness": 0.504506209301643
      },
      "features": {
        "log_notional": {
          "p25": 1.8281556062129671,
          "p50": 2.6724587946228295,
          "p75": 3.8296897649070387
        },
        "top_market_share": {
          "p25": 0.05832902743238865,
          "p50": 0.09619447663914929,
          "p75": 0.17299551216487502
        },
        "n_markets_per_log_dollar": {
          "p25": 25.7156472524604,
          "p50": 34.903142734198305,
          "p75": 60.0
        },