{
  "K": 6,
  "seed": 42,
  "feat_cols": [
    "log_notional",
    "top_market_share",
    "n_markets_per_log_dollar",
    "mean_price",
    "tail_trade_pct",
    "log_active_days",
    "price_std",
    "burstiness"
  ],
  "scaler": "standard",
  "cutoff_iso_compact": "20250902T010524Z",
  "fallback_used": false,
  "clusters": {
    "0": {
      "size": 192984,
      "pct": 0.2435870087938414,
      "centroid": {
        "log_notional": 2.430671098895658,
        "top_market_share": 0.4061877430719097,
        "n_markets_per_log_dollar": 4.37375017305459,
        "mean_price": 0.971100897549285,
        "tail_trade_pct": 0.9415922200807259,
        "log_active_days": 1.5623107877074998,
        "price_std": 0.04610274468155086,
        "burstiness": 0.22404318364432713
      },
      "features": {
        "log_notional": {
          "p25": 1.777497902385687,
          "p50": 2.3676484586702284,
          "p75": 3.1187190684515356
        },
        "top_market_share": {
          "p25": 0.20577495427710274,
          "p50": 0.33769570506363766,
          "p75": 0.5115592908275073
        },
        "n_markets_per_log_dollar": {
          "p25": 1.7974986362167038,
          "p50": 3.0290581076236522,
          "p75": 5.520383820018322
        },
        "mean_price": {
          "p25": 0.9577858924275672,
          "p50": 0.9885217086512653,
          "p75": 0.9964999985480685
        },
        "tail_trade_pct": {
          "p25": 0.925,
          "p50": 1.0,
          "p75": 1.0
        },
        "log_active_days": {
          "p25": 1.060199267897821,
          "p50": 1.8545478818787366,
          "p75": 2.263469386398039
        },
        "price_std": {
          "p25": 0.002189380826778407,
          "p50": 0.009660767390350749,
          "p75": 0.06154913181044111
        },
        "burstiness": {
          "p25": 0.06374154486742735,
          "p50": 0.24187413354115045,
          "p75": 0.37018602911587406
        },
        "n_markets": {
          "p25": 3.0,
          "p50": 7.0,
          "p75": 13.0
        },
        "tx_count": {
          "p25": 5.0,
          "p50": 10.0,
          "p75": 21.0
        },
        "total_notional": {
          "p25": 59.90980449999999,
          "p50": 233.157,
          "p75": 1314.37433125
        },
        "past_accuracy": {
          "n": 119072,
          "p25": 0.9971337721711389,
          "p50": 1.0,
          "p75": 1.0
        },
        "n_resolved_prior": {
          "p25": 3.0,
          "p50": 6.0,
          "p75": 12.0
        }
      }
    },
    "1": {
      "size": 79111,
      "pct": 0.09985497166961814,
      "centroid": {
        "log_notional": 1.2716313045272654,
        "top_market_share": 0.42664489909758185,
        "n_markets_per_log_dollar": 5.096832805572529,
        "mean_price": 0.027222972813444546,
        "tail_trade_pct": 0.9380798021101826,
        "log_active_days": 1.2520584907533516,
        "price_std": 0.027528332446391385,
        "burstiness": 0.18354965528813313
      },
      "features": {
        "log_notional": {
          "p25": 0.9155459826365095,
          "p50": 1.1990117991320144,
          "p75": 1.5092983120165622
        },
        "top_market_share": {
          "p25": 0.22803652853076417,
          "p50": 0.3512478371039551,
          "p75": 0.5563052073342021
        },
        "n_markets_per_log_dollar": {
          "p25": 2.7872980254440876,
          "p50": 4.922074916162531,
          "p75": 6.377073192582797
        },
        "mean_price": {
          "p25": 0.005222222222222222,
          "p50": 0.006545454545454546,
          "p75": 0.01799999996269917
        },
        "tail_trade_pct": {
          "p25": 1.0,
          "p50": 1.0,
          "p75": 1.0
        },
        "log_active_days": {
          "p25": 0.7406294706041332,
          "p50": 1.500354338253108,
          "p75": 1.9751223384551273
        },
        "price_std": {
          "p25": 0.0014696938456699082,
          "p50": 0.0023211538298959855,
          "p75": 0.00992251965629341
        },
        "burstiness": {
          "p25": 0.0,
          "p50": 0.17654749943088538,
          "p75": 0.3164956105037156
        },
        "n_markets": {
          "p25": 3.0,
          "p50": 5.0,
          "p75": 8.0
        },
        "tx_count": {
          "p25": 4.0,
          "p50": 6.0,
          "p75": 10.0
        },
        "total_notional": {
          "p25": 8.232769999999999,
          "p50": 15.812910000000002,
          "p75": 32.307125
        },
        "past_accuracy": {
          "n": 37274,
          "p25": 0.0,
          "p50": 0.0,
          "p75": 0.0
        },
        "n_resolved_prior": {
          "p25": 2.0,
          "p50": 4.0,
          "p75": 7.0
        }
      }
    },
    "2": {
      "size": 169582,
      "pct": 0.21404868862329113,
      "centroid": {
        "log_notional": 2.0517007945953187,
        "top_market_share": 0.44043795773332667,
        "n_markets_per_log_dollar": 4.827003824324998,
        "mean_price": 0.6390798292880734,
        "tail_trade_pct": 0.8123451875317829,
        "log_active_days": 1.7105401960698727,
        "price_std": 0.36875084162081107,
        "burstiness": 0.20088818166349023
      },
      "features": {
        "log_notional": {
          "p25": 1.5841384916983559,
          "p50": 2.0413802069065516,
          "p75": 2.458826728688894
        },
        "top_market_share": {
          "p25": 0.2309642193281778,
          "p50": 0.38607819488782535,
          "p75": 0.5936714838983645
        },
        "n_markets_per_log_dollar": {
          "p25": 2.3363906038658775,
          "p50": 3.9063268893591205,
          "p75": 6.3356195959899395
        },
        "mean_price": {
          "p25": 0.5033239708013748,
          "p50": 0.6845999286602711,
          "p75": 0.7987999999909176
        },
        "tail_trade_pct": {
          "p25": 0.6666666666666666,
          "p50": 0.8571428571428571,
          "p75": 1.0
        },
        "log_active_days": {
          "p25": 1.4035305978301222,
          "p50": 1.9996998862934252,
          "p75": 2.2597888561026553
        },
        "price_std": {
          "p25": 0.3086319594452706,
          "p50": 0.37455556765516873,
          "p75": 0.4353689954502818
        },
        "burstiness": {
          "p25": 0.06680470036229623,
          "p50": 0.2005796103923519,
          "p75": 0.3311630538271273
        },
        "n_markets": {
          "p25": 4.0,
          "p50": 7.0,
          "p75": 12.0
        },
        "tx_count": {
          "p25": 6.0,
          "p50": 10.0,
          "p75": 17.0
        },
        "total_notional": {
          "p25": 38.3829625,
          "p50": 109.99683950000001,
          "p75": 287.62506425
        },
        "past_accuracy": {
          "n": 110026,
          "p25": 0.7492244432203854,
          "p50": 0.9161472556860129,
          "p75": 0.9800684250334968
        },
        "n_resolved_prior": {
          "p25": 3.0,
          "p50": 7.0,
          "p75": 12.0
        }
      }
    },
    "3": {
      "size": 112119,
      "pct": 0.1415181146569493,
      "centroid": {
        "log_notional": 1.7107351346602109,
        "top_market_share": 0.8429827222526611,
        "n_markets_per_log_dollar": 1.5370417737651572,
        "mean_price": 0.6950469059937913,
        "tail_trade_pct": 0.6477259886736749,
        "log_active_days": -1.2679272959239327,
        "price_std": 0.05584589573093117,
        "burstiness": 0.009572593362509929
      },
      "features": {
        "log_notional": {
          "p25": 1.1067616685877761,
          "p50": 1.648164778574001,
          "p75": 2.203685470881907
        },
        "top_market_share": {
          "p25": 0.666666703703712,
          "p50": 1.0,
          "p75": 1.0
        },
        "n_markets_per_log_dollar": {
          "p25": 0.562419597541404,
          "p50": 0.9239165387120819,
          "p75": 1.5269054797495403
        },