{
  "K": 6,
  "fallback_used": false,
  "scaler": "standard",
  "scaler_comparison_k5": {
    "standard": 0.21746230878062536,
    "robust": 0.18237454191677752
  },
  "sweep": [
    {
      "k": 3,
      "silhouette": 0.1873737243634343,
      "min_cluster_pct": 0.2768879873879628,
      "median_jaccard": 0.9889893686273417,
      "per_cluster_jaccard": [
        0.9867800581668351,
        0.9889893686273417,
        0.994177224464385
      ],
      "cluster_sizes_pct": [
        0.4171969015183166,
        0.3059151110937206,
        0.2768879873879628
      ]
    },
    {
      "k": 4,
      "silhouette": 0.17682254511671386,
      "min_cluster_pct": 0.15480922274155295,
      "median_jaccard": 0.9585306992468862,
      "per_cluster_jaccard": [
        0.9424499903396537,
        0.9746114081541186,
        0.9155918947752401,
        0.9775343902329483
      ],
      "cluster_sizes_pct": [
        0.3826804113301332,
        0.26534504499159994,
        0.19716532093671388,
        0.15480922274155295
      ]
    },
    {
      "k": 5,
      "silhouette": 0.21746230878062536,
      "min_cluster_pct": 0.04090329046435572,
      "median_jaccard": 0.9909488641954671,
      "per_cluster_jaccard": [
        0.9931211931855833,
        0.9909488641954671,
        0.9887489572905601,
        0.9423759227423365,
        0.991309433263388
      ],
      "cluster_sizes_pct": [
        0.45004600768183134,
        0.24997759571049366,
        0.1614585634243347,
        0.09761454271898458,
        0.04090329046435572
      ]
    },
    {
      "k": 6,
      "silhouette": 0.22231605283212724,
      "min_cluster_pct": 0.0347133954931405,
      "median_jaccard": 0.9837327556440084,
      "per_cluster_jaccard": [
        0.9916175153792237,
        0.9879114027640911,
        0.9828053576355027,
        0.9764782058821126,
        0.9846601536525141,
        0.9761515635156774
      ],
      "cluster_sizes_pct": [
        0.26627782076315953,
        0.2435870087938414,
        0.21404868862329113,
        0.1415181146569493,
        0.09985497166961814,
        0.0347133954931405
      ]
    }
  ],
  "selection_criteria": {
    "min_silhouette": 0.2,
    "min_median_jaccard": 0.75,
    "min_cluster_pct": 0.03
  },
  "cutoff_iso_compact": "20250902T010524Z",
  "features_parquet": "data/clustering/wallet_features_20250902T010524Z.parquet",
  "total_runtime_s": 112.18
}