{
  "K": 6,
  "seed": 42,
  "feat_cols": [
    "log_notional",
    "top_market_share",
    "n_markets_per_log_dollar",
    "mean_price",
    "tail_trade_pct",
    "log_active_days",
    "price_std",
    "burstiness"
  ],
  "scaler": "standard",
  "cutoff_iso_compact": "20260123T075924Z",
  "fallback_used": false,
  "clusters": {
    "0": {
      "size": 105621,
      "pct": 0.10883500657929311,
      "centroid": {
        "log_notional": 1.2885333291980294,
        "top_market_share": 0.48526459814476647,
        "n_markets_per_log_dollar": 4.637424190628223,
        "mean_price": 0.03020338427949565,
        "tail_trade_pct": 0.9280261722934714,
        "log_active_days": 1.048120362276049,
        "price_std": 0.027780638946801328,
        "burstiness": 0.16828054875937376
      },
      "features": {
        "log_notional": {
          "p25": 0.8901369856618048,
          "p50": 1.2059945263542478,
          "p75": 1.6020599696132378
        },
        "top_market_share": {
          "p25": 0.2523124849957565,
          "p50": 0.4252025078493322,
          "p75": 0.6666665555555185
        },
        "n_markets_per_log_dollar": {
          "p25": 2.02365820758246,
          "p50": 4.327745549489365,
          "p75": 6.244197539337845
        },
        "mean_price": {
          "p25": 0.005272869674185464,
          "p50": 0.007,
          "p75": 0.03224110461822067
        },
        "tail_trade_pct": {
          "p25": 1.0,
          "p50": 1.0,
          "p75": 1.0
        },
        "log_active_days": {
          "p25": 0.4295579012394674,
          "p50": 1.320806691740211,
          "p75": 1.859312558001741
        },
        "price_std": {
          "p25": 0.001452368754827781,
          "p50": 0.0025298221281347066,
          "p75": 0.017616910923565952
        },
        "burstiness": {
          "p25": 0.0,
          "p50": 0.16806705427469515,
          "p75": 0.2962468806324983
        },
        "n_markets": {
          "p25": 2.0,
          "p50": 4.0,
          "p75": 7.0
        },
        "tx_count": {
          "p25": 3.0,
          "p50": 6.0,
          "p75": 10.0
        },
        "total_notional": {
          "p25": 7.76492,
          "p50": 16.069209999999998,
          "p75": 39.999998000000005
        },
        "past_accuracy": {
          "n": 43599,
          "p25": 0.0,
          "p50": 0.0,
          "p75": 0.0
        },
        "n_resolved_prior": {
          "p25": 2.0,
          "p50": 4.0,
          "p75": 7.0
        }
      }
    },
    "1": {
      "size": 41697,
      "pct": 0.04296582374089229,
      "centroid": {
        "log_notional": 2.6442778367080355,
        "top_market_share": 0.1537026752210509,
        "n_markets_per_log_dollar": 32.22359325220711,
        "mean_price": 0.5696384949241264,
        "tail_trade_pct": 0.4491137618146218,
        "log_active_days": 1.997713035023032,
        "price_std": 0.22481762079167,
        "burstiness": 0.5142508863408902
      },
      "features": {
        "log_notional": {
          "p25": 1.9186790541044327,
          "p50": 2.634092974272239,
          "p75": 3.7038492192558286
        },
        "top_market_share": {
          "p25": 0.06281414258803,
          "p50": 0.10075864656120496,
          "p75": 0.17710466908502243
        },
        "n_markets_per_log_dollar": {
          "p25": 21.283059831436425,
          "p50": 28.544918882151322,
          "p75": 48.689595491070506
        },
        "mean_price": {
          "p25": 0.39678064516512224,
          "p50": 0.5731110299008267,
          "p75": 0.7724989487337728
        },
        "tail_trade_pct": {
          "p25": 0.2,
          "p50": 0.37142857142857144,
          "p75": 0.6882583973269242
        },
        "log_active_days": {
          "p25": 1.8812072048748403,
          "p50": 2.2758338020452227,
          "p75": 2.514561909795101
        },
        "price_std": {
          "p25": 0.1731461253529488,
          "p50": 0.2400927784626063,
          "p75": 0.290158106134056
        },
        "burstiness": {
          "p25": 0.42642918199790225,
          "p50": 0.5475856322182207,
          "p75": 0.657935088933903
        },
        "n_markets": {
          "p25": 42.0,
          "p50": 66.0,
          "p75": 111.0
        },
        "tx_count": {
          "p25": 48.0,
          "p50": 88.0,
          "p75": 196.0
        },
        "total_notional": {
          "p25": 82.92377300000003,
          "p50": 430.61878799999994,
          "p75": 5056.490775
        },
        "past_accuracy": {
          "n": 40880,
          "p25": 0.4914569985580729,
          "p50": 0.6731170697691378,
          "p75": 0.8642483026207103
        },
        "n_resolved_prior": {
          "p25": 41.0,
          "p50": 65.0,
          "p75": 109.0
        }
      }
    },
    "2": {
      "size": 202021,
      "pct": 0.20816842166004274,
      "centroid": {
        "log_notional": 2.0754262827207293,
        "top_market_share": 0.455853780416231,
        "n_markets_per_log_dollar": 4.661948797288586,
        "mean_price": 0.6375605789756124,
        "tail_trade_pct": 0.823775585283401,
        "log_active_days": 1.758712506914946,
        "price_std": 0.3726955415393549,
        "burstiness": 0.21017896271510436
      },
      "features": {
        "log_notional": {
          "p25": 1.6115850869265749,
          "p50": 2.0572437735190507,
          "p75": 2.464880192012915
        },
        "top_market_share": {
          "p25": 0.24598122608030237,
          "p50": 0.40375943874570897,
          "p75": 0.6194380007956417
        },
        "n_markets_per_log_dollar": {
          "p25": 2.2146070816051346,
          "p50": 3.6880908248597657,
          "p75": 6.209560304403496
        },
        "mean_price": {
          "p25": 0.5025,
          "p50": 0.6746,
          "p75": 0.7973131578947369
        },
        "tail_trade_pct": {
          "p25": 0.6666666666666666,
          "p50": 0.875,
          "p75": 1.0
        },
        "log_active_days": {
          "p25": 1.3997618274780563,
          "p50": 2.0121155341497143,
          "p75": 2.364962999209773
        },
        "price_std": {
          "p25": 0.31411668095820394,
          "p50": 0.38054900859386637,
          "p75": 0.43848202904556804
        },
        "burstiness": {
          "p25": 0.07632959274182627,
          "p50": 0.20879961846658127,
          "p75": 0.3403289670006583
        },
        "n_markets": {
          "p25": 4.0,
          "p50": 7.0,
          "p75": 13.0
        },
        "tx_count": {
          "p25": 6.0,
          "p50": 10.0,
          "p75": 17.0
        },
        "total_notional": {
          "p25": 40.886985,
          "p50": 114.089,
          "p75": 291.66222999999997
        },
        "past_accuracy": {
          "n": 134879,
          "p25": 0.7883536743487136,
          "p50": 0.9315408947130591,
          "p75": 0.9823679347589027
        },
        "n_resolved_prior": {
          "p25": 4.0,
          "p50": 7.0,
          "p75": 12.0
        }
      }
    },
    "3": {
      "size": 228559,
      "pct": 0.23551396283652543,
      "centroid": {
        "log_notional": 2.4561911602017767,
        "top_market_share": 0.419453147096535,
        "n_markets_per_log_dollar": 4.120400281873481,
        "mean_price": 0.9713520778862783,
        "tail_trade_pct": 0.9437406979788443,
        "log_active_days": 1.6049515548815458,
        "price_std": 0.045157822553214697,
        "burstiness": 0.2353275390936338
      },
      "features": {
        "log_notional": {
          "p25": 1.8275749903755494,
          "p50": 2.3892347630493442,
          "p75": 3.1558523722855094
        },
        "top_market_share": {
          "p25": 0.21847347255737248,
          "p50": 0.3542453147714721,
          "p75": 0.532495485213899
        },
        "n_markets_per_log_dollar": {
          "p25": 1.666135661729961,
          "p50": 2.9518672611113357,
          "p75": 5.2516386995928315
        },