{
  "K": 6,
  "fallback_used": false,
  "scaler": "standard",
  "scaler_comparison_k5": {
    "standard": 0.21223969210887933,
    "robust": 0.18198968986377728
  },
  "sweep": [
    {
      "k": 3,
      "silhouette": 0.1910438926655065,
      "min_cluster_pct": 0.2752555723057614,
      "median_jaccard": 0.9909202412861661,
      "per_cluster_jaccard": [
        0.9909202412861661,
        0.9945648626115339,
        0.989811466676884
      ],
      "cluster_sizes_pct": [
        0.42218040967820714,
        0.30256401801603144,
        0.2752555723057614
      ]
    },
    {
      "k": 4,
      "silhouette": 0.18598237545291485,
      "min_cluster_pct": 0.1850414593356408,
      "median_jaccard": 0.75365179755497,
      "per_cluster_jaccard": [
        0.9267402041970321,
        0.5569938109758013,
        0.832877786732483,
        0.674425808377457
      ],
      "cluster_sizes_pct": [
        0.34680963534126286,
        0.2704743788827876,
        0.19767452644030875,
        0.1850414593356408
      ]
    },
    {
      "k": 5,
      "silhouette": 0.21223969210887933,
      "min_cluster_pct": 0.06017605920436408,
      "median_jaccard": 0.9892280360070538,
      "per_cluster_jaccard": [
        0.9919830869659264,
        0.9541639613752064,
        0.9892280360070538,
        0.9928996957444225,
        0.9881034767113696
      ],
      "cluster_sizes_pct": [
        0.41434605330000235,
        0.2425981664535395,
        0.17254646979965357,
        0.1103332512424405,
        0.06017605920436408
      ]
    },
    {
      "k": 6,
      "silhouette": 0.21839207306836098,
      "min_cluster_pct": 0.04296582374089229,
      "median_jaccard": 0.773587955887588,
      "per_cluster_jaccard": [
        0.8101192214131174,
        0.8364070433316093,
        0.7431656250004706,
        0.8040102867747053,
        0.49886270532623306,
        0.45695731846144455
      ],
      "cluster_sizes_pct": [
        0.24699088791089668,
        0.23551396283652543,
        0.20816842166004274,
        0.15752589727234975,
        0.10883500657929311,
        0.04296582374089229
      ]
    }
  ],
  "selection_criteria": {
    "min_silhouette": 0.2,
    "min_median_jaccard": 0.75,
    "min_cluster_pct": 0.03
  },
  "cutoff_iso_compact": "20260123T075924Z",
  "features_parquet": "data/clustering/wallet_features_20260123T075924Z.parquet",
  "total_runtime_s": 115.26
}