{
  "K": 6,
  "seed": 42,
  "feat_cols": [
    "log_notional",
    "top_market_share",
    "n_markets_per_log_dollar",
    "mean_price",
    "tail_trade_pct",
    "log_active_days",
    "price_std",
    "burstiness"
  ],
  "scaler": "standard",
  "cutoff_iso_compact": "20250812T084949Z",
  "fallback_used": false,
  "clusters": {
    "0": {
      "size": 186373,
      "pct": 0.24243484595222145,
      "centroid": {
        "log_notional": 2.4234903497512352,
        "top_market_share": 0.41037596785323044,
        "n_markets_per_log_dollar": 4.258081255850212,
        "mean_price": 0.9716136849166569,
        "tail_trade_pct": 0.9415764739946714,
        "log_active_days": 1.5371379339772644,
        "price_std": 0.04508271469125509,
        "burstiness": 0.22698040258931076
      },
      "features": {
        "log_notional": {
          "p25": 1.7334994160898929,
          "p50": 2.371372630037058,
          "p75": 3.134343395856168
        },
        "top_market_share": {
          "p25": 0.20818163792227395,
          "p50": 0.3403052800422741,
          "p75": 0.5137482844049893
        },
        "n_markets_per_log_dollar": {
          "p25": 1.7595992033423677,
          "p50": 3.002162021378213,
          "p75": 5.32288712308097
        },
        "mean_price": {
          "p25": 0.9581336333405259,
          "p50": 0.9892142798989659,
          "p75": 0.9965999999999999
        },
        "tail_trade_pct": {
          "p25": 0.9230769230769231,
          "p50": 1.0,
          "p75": 1.0
        },
        "log_active_days": {
          "p25": 1.0827450729113393,
          "p50": 1.84406111705492,
          "p75": 2.2030501457755607
        },
        "price_std": {
          "p25": 0.002000000000001,
          "p50": 0.009385919566616531,
          "p75": 0.060357069830333725
        },
        "burstiness": {
          "p25": 0.0660907133927659,
          "p50": 0.2448367350802594,
          "p75": 0.37358623533254254
        },
        "n_markets": {
          "p25": 3.0,
          "p50": 7.0,
          "p75": 13.0
        },
        "tx_count": {
          "p25": 5.0,
          "p50": 10.0,
          "p75": 20.0
        },
        "total_notional": {
          "p25": 54.137652,
          "p50": 235.16496999999998,
          "p75": 1362.5216
        },
        "past_accuracy": {
          "n": 114978,
          "p25": 0.9982282403042667,
          "p50": 1.0,
          "p75": 1.0
        },
        "n_resolved_prior": {
          "p25": 3.0,
          "p50": 6.0,
          "p75": 12.0
        }
      }
    },
    "1": {
      "size": 202497,
      "pct": 0.2634090184779286,
      "centroid": {
        "log_notional": 2.3221350362823276,
        "top_market_share": 0.3819378171037484,
        "n_markets_per_log_dollar": 5.715996997238139,
        "mean_price": 0.5158855947300095,
        "tail_trade_pct": 0.20404858686596866,
        "log_active_days": 1.6186100050477654,
        "price_std": 0.20833740962989616,
        "burstiness": 0.27931672583503353
      },
      "features": {
        "log_notional": {
          "p25": 1.7008611246911733,
          "p50": 2.21934867013899,
          "p75": 2.9071425310031405
        },
        "top_market_share": {
          "p25": 0.2013368768623661,
          "p50": 0.3354980159149384,
          "p75": 0.5160313960106534
        },
        "n_markets_per_log_dollar": {
          "p25": 2.2817095656152175,
          "p50": 4.514924630667544,
          "p75": 7.828044891112585
        },
        "mean_price": {
          "p25": 0.4078928569330668,
          "p50": 0.5199999991416,
          "p75": 0.6370714181656904
        },
        "tail_trade_pct": {
          "p25": 0.0,
          "p50": 0.2,
          "p75": 0.3333333333333333
        },
        "log_active_days": {
          "p25": 1.1720005429535267,
          "p50": 1.8048327328351463,
          "p75": 2.210491085656884
        },
        "price_std": {
          "p25": 0.14916436430490898,
          "p50": 0.21876717063781964,
          "p75": 0.2734937063689897
        },
        "burstiness": {
          "p25": 0.15466695196920419,
          "p50": 0.2932317427253367,
          "p75": 0.4203381230462274
        },
        "n_markets": {
          "p25": 4.0,
          "p50": 9.0,
          "p75": 18.0
        },
        "tx_count": {
          "p25": 6.0,
          "p50": 13.0,
          "p75": 26.0
        },
        "total_notional": {
          "p25": 50.218197999999994,
          "p50": 165.70998200000002,
          "p75": 807.5
        },
        "past_accuracy": {
          "n": 143379,
          "p25": 0.41686041300137694,
          "p50": 0.6060762068359223,
          "p75": 0.7833162599174872
        },
        "n_resolved_prior": {
          "p25": 4.0,
          "p50": 8.0,
          "p75": 17.0
        }
      }
    },
    "2": {
      "size": 77419,
      "pct": 0.1007069872716275,
      "centroid": {
        "log_notional": 1.2720929861224515,
        "top_market_share": 0.42327269340889423,
        "n_markets_per_log_dollar": 5.09727922797741,
        "mean_price": 0.02609376533809915,
        "tail_trade_pct": 0.9412041206175172,
        "log_active_days": 1.2396950391808326,
        "price_std": 0.026371530869469834,
        "burstiness": 0.18358791559444138
      },
      "features": {
        "log_notional": {
          "p25": 0.9190833247766705,
          "p50": 1.1981711200041718,
          "p75": 1.5051499511765
        },
        "top_market_share": {
          "p25": 0.2269082844926864,
          "p50": 0.34754847527120525,
          "p75": 0.5533146368609633
        },
        "n_markets_per_log_dollar": {
          "p25": 2.8377551389863562,
          "p50": 4.921304976882791,
          "p75": 6.371501594375159
        },
        "mean_price": {
          "p25": 0.005181818181818182,
          "p50": 0.006489583333333333,
          "p75": 0.015006626149874103
        },
        "tail_trade_pct": {
          "p25": 1.0,
          "p50": 1.0,
          "p75": 1.0
        },
        "log_active_days": {
          "p25": 0.7406751373580935,
          "p50": 1.4704494561012613,
          "p75": 1.924027765725198
        },
        "price_std": {
          "p25": 0.0014523687548277798,
          "p50": 0.002271563338320111,
          "p75": 0.008384399206122557
        },
        "burstiness": {
          "p25": 0.0007671073911884339,
          "p50": 0.1763839901246485,
          "p75": 0.31491911851733934
        },
        "n_markets": {
          "p25": 3.0,
          "p50": 5.0,
          "p75": 8.0
        },
        "tx_count": {
          "p25": 4.0,
          "p50": 7.0,
          "p75": 10.0
        },
        "total_notional": {
          "p25": 8.3001,
          "p50": 15.782330000000002,
          "p75": 31.999998
        },
        "past_accuracy": {
          "n": 36725,
          "p25": 0.0,
          "p50": 0.0,
          "p75": 0.0
        },
        "n_resolved_prior": {
          "p25": 2.0,
          "p50": 4.0,
          "p75": 7.0
        }
      }
    },
    "3": {
      "size": 107708,
      "pct": 0.14010705621426853,
      "centroid": {
        "log_notional": 1.7097226185328853,
        "top_market_share": 0.8489964387843001,
        "n_markets_per_log_dollar": 1.5367977980134269,
        "mean_price": 0.6963154537121821,
        "tail_trade_pct": 0.6600582481832771,
        "log_active_days": -1.322955521859623,
        "price_std": 0.055252839242286786,
        "burstiness": 0.008173626044468502
      },
      "features": {
        "log_notional": {
          "p25": 1.1007190293624614,
          "p50": 1.636392586813416,
          "p75": 2.221057201735375
        },
        "top_market_share": {
          "p25": 0.6728990550192933,
          "p50": 1.0,
          "p75": 1.0
        },
        "n_markets_per_log_dollar": {
          "p25": 0.5533600562036505,
          "p50": 0.9142284591236532,
          "p75": 1.5228440732918305
        },