{
  "K": 6,
  "fallback_used": false,
  "scaler": "standard",
  "scaler_comparison_k5": {
    "standard": 0.22019060924100667,
    "robust": 0.1850955781727097
  },
  "sweep": [
    {
      "k": 3,
      "silhouette": 0.18773659207037538,
      "min_cluster_pct": 0.2785197032414105,
      "median_jaccard": 0.9904762438869583,
      "per_cluster_jaccard": [
        0.9949262528523991,
        0.9904762438869583,
        0.9894870697263761
      ],
      "cluster_sizes_pct": [
        0.41804503038944674,
        0.30343526636914275,
        0.2785197032414105
      ]
    },
    {
      "k": 4,
      "silhouette": 0.17834764555419744,
      "min_cluster_pct": 0.15197984734178768,
      "median_jaccard": 0.9552846428115631,
      "per_cluster_jaccard": [
        0.9335117322623587,
        0.9770575533607675,
        0.978761797302784,
        0.8872114108172083
      ],
      "cluster_sizes_pct": [
        0.3599117603701786,
        0.2635500144152559,
        0.22455837787277785,
        0.15197984734178768
      ]
    },
    {
      "k": 5,
      "silhouette": 0.22019060924100667,
      "min_cluster_pct": 0.04758991271269025,
      "median_jaccard": 0.9911949564031806,
      "per_cluster_jaccard": [
        0.9926701899731833,
        0.9911949564031806,
        0.9910124370267386,
        0.9948636582076671,
        0.9611469345287793
      ],
      "cluster_sizes_pct": [
        0.4433389124504761,
        0.2495065547016564,
        0.16089643323518785,
        0.09866818689998944,
        0.04758991271269025
      ]
    },
    {
      "k": 6,
      "silhouette": 0.22386662314904424,
      "min_cluster_pct": 0.039967438480775525,
      "median_jaccard": 0.9851704216399187,
      "per_cluster_jaccard": [
        0.9879528753407318,
        0.9669890860251009,
        0.9931912561602761,
        0.9847088553786139,
        0.9856319879012236,
        0.9824991693442083
      ],
      "cluster_sizes_pct": [
        0.26272684459832313,
        0.24250243624347562,
        0.21417547997583977,
        0.13953967717654056,
        0.10108812352504537,
        0.039967438480775525
      ]
    }
  ],
  "selection_criteria": {
    "min_silhouette": 0.2,
    "min_median_jaccard": 0.75,
    "min_cluster_pct": 0.03
  },
  "cutoff_iso_compact": "20250810T183800Z",
  "features_parquet": "data/clustering/wallet_features_20250810T183800Z.parquet",
  "total_runtime_s": 113.51
}