{
  "K": 6,
  "seed": 42,
  "feat_cols": [
    "log_notional",
    "top_market_share",
    "n_markets_per_log_dollar",
    "mean_price",
    "tail_trade_pct",
    "log_active_days",
    "price_std",
    "burstiness"
  ],
  "scaler": "standard",
  "cutoff_iso_compact": "20250724T011800Z",
  "fallback_used": false,
  "clusters": {
    "0": {
      "size": 31523,
      "pct": 0.042462939389653336,
      "centroid": {
        "log_notional": 2.3680091026221413,
        "top_market_share": 0.15021073332256896,
        "n_markets_per_log_dollar": 34.805492425146085,
        "mean_price": 0.550356492657916,
        "tail_trade_pct": 0.41457812909405045,
        "log_active_days": 1.7865063376827925,
        "price_std": 0.21500134236733479,
        "burstiness": 0.4849331865771618
      },
      "features": {
        "log_notional": {
          "p25": 1.6425348072112405,
          "p50": 2.3362486714896327,
          "p75": 3.4476073821550672
        },
        "top_market_share": {
          "p25": 0.05891189623824876,
          "p50": 0.09535875852151567,
          "p75": 0.17095970426680449
        },
        "n_markets_per_log_dollar": {
          "p25": 22.448029017150326,
          "p50": 30.0,
          "p75": 51.48558570302673
        },
        "mean_price": {
          "p25": 0.39061434249754556,
          "p50": 0.5433318255777535,
          "p75": 0.7411685324011107
        },
        "tail_trade_pct": {
          "p25": 0.15384615384615385,
          "p50": 0.3354632587859425,
          "p75": 0.64
        },
        "log_active_days": {
          "p25": 1.7384544809483051,
          "p50": 2.1393045499407424,
          "p75": 2.3435463519523934
        },
        "price_std": {
          "p25": 0.15199630858208385,
          "p50": 0.229204494414702,
          "p75": 0.2855237532396312
        },
        "burstiness": {
          "p25": 0.4080478533938813,
          "p50": 0.5361195668706418,
          "p75": 0.6333904647084303
        },
        "n_markets": {
          "p25": 38.0,
          "p50": 59.0,
          "p75": 105.0
        },
        "tx_count": {
          "p25": 40.0,
          "p50": 72.0,
          "p75": 170.0
        },
        "total_notional": {
          "p25": 43.9071055,
          "p50": 216.89456599999997,
          "p75": 2802.8985785000004
        },
        "past_accuracy": {
          "n": 30686,
          "p25": 0.4623645482568921,
          "p50": 0.6361734629555146,
          "p75": 0.8287311547319314
        },
        "n_resolved_prior": {
          "p25": 36.0,
          "p50": 56.0,
          "p75": 101.0
        }
      }
    },
    "1": {
      "size": 193576,
      "pct": 0.26075582765890093,
      "centroid": {
        "log_notional": 2.2925090889717152,
        "top_market_share": 0.3932780824190157,
        "n_markets_per_log_dollar": 5.428611431715381,
        "mean_price": 0.5145604235441891,
        "tail_trade_pct": 0.19998268884687614,
        "log_active_days": 1.5833380009612499,
        "price_std": 0.20696859758530425,
        "burstiness": 0.2663831220712424
      },
      "features": {
        "log_notional": {
          "p25": 1.6527171617260628,
          "p50": 2.192929146911297,
          "p75": 2.869179333907807
        },
        "top_market_share": {
          "p25": 0.20954715233031102,
          "p50": 0.3464944407510492,
          "p75": 0.5273078369548528
        },
        "n_markets_per_log_dollar": {
          "p25": 2.1798999696100516,
          "p50": 4.2938556900967155,
          "p75": 7.480023687935413
        },
        "mean_price": {
          "p25": 0.4046294100919142,
          "p50": 0.5197499928682123,
          "p75": 0.6365844132466566
        },
        "tail_trade_pct": {
          "p25": 0.0,
          "p50": 0.2,
          "p75": 0.3333333333333333
        },
        "log_active_days": {
          "p25": 1.1433009303853805,
          "p50": 1.7698365685606006,
          "p75": 2.1728979806984365
        },
        "price_std": {
          "p25": 0.14805058646608768,
          "p50": 0.2170544168777634,
          "p75": 0.27198500391603986
        },
        "burstiness": {
          "p25": 0.13564161838227007,
          "p50": 0.2783482720354815,
          "p75": 0.41365932435472674
        },
        "n_markets": {
          "p25": 4.0,
          "p50": 8.0,
          "p75": 17.0
        },
        "tx_count": {
          "p25": 6.0,
          "p50": 12.0,
          "p75": 24.0
        },
        "total_notional": {
          "p25": 44.948702749999995,
          "p50": 155.929809,
          "p75": 739.9107445000001
        },
        "past_accuracy": {
          "n": 133345,
          "p25": 0.41176475086508896,
          "p50": 0.6047956926295104,
          "p75": 0.7826732235641543
        },
        "n_resolved_prior": {
          "p25": 4.0,
          "p50": 8.0,
          "p75": 16.0
        }
      }
    },
    "2": {
      "size": 179529,
      "pct": 0.2418338687842234,
      "centroid": {
        "log_notional": 2.4180361762969813,
        "top_market_share": 0.41352881495451543,
        "n_markets_per_log_dollar": 4.175246687756636,
        "mean_price": 0.9724393900264148,
        "tail_trade_pct": 0.9422184175515327,
        "log_active_days": 1.5269192889978236,
        "price_std": 0.04337373660491488,
        "burstiness": 0.22527099394356695
      },
      "features": {
        "log_notional": {
          "p25": 1.724664634932616,
          "p50": 2.3720242817027684,
          "p75": 3.1447328688938563
        },
        "top_market_share": {
          "p25": 0.20976977516106063,
          "p50": 0.34035604864503993,
          "p75": 0.516625346511817
        },
        "n_markets_per_log_dollar": {
          "p25": 1.7790664569931212,
          "p50": 2.9924923326085997,
          "p75": 5.221639467552839
        },
        "mean_price": {
          "p25": 0.9594734279311466,
          "p50": 0.9897857142857144,
          "p75": 0.9966999999999999
        },
        "tail_trade_pct": {
          "p25": 0.9285714285714286,
          "p50": 1.0,
          "p75": 1.0
        },
        "log_active_days": {
          "p25": 1.119462860744132,
          "p50": 1.8388173275665352,
          "p75": 2.170536662496051
        },
        "price_std": {
          "p25": 0.001920289232290395,
          "p50": 0.008958227259612803,
          "p75": 0.05721207845183585
        },
        "burstiness": {
          "p25": 0.062168175184737766,
          "p50": 0.24237560186929347,
          "p75": 0.37230563857010024
        },
        "n_markets": {
          "p25": 3.0,
          "p50": 7.0,
          "p75": 13.0
        },
        "tx_count": {
          "p25": 5.0,
          "p50": 10.0,
          "p75": 20.0
        },
        "total_notional": {
          "p25": 53.04746500000001,
          "p50": 235.518096,
          "p75": 1395.5097300000002
        },
        "past_accuracy": {
          "n": 110010,
          "p25": 0.999200038768581,
          "p50": 1.0,
          "p75": 1.0
        },
        "n_resolved_prior": {
          "p25": 3.0,
          "p50": 6.0,
          "p75": 12.0
        }
      }
    },
    "3": {
      "size": 99737,
      "pct": 0.1343503532628828,
      "centroid": {
        "log_notional": 1.7157428829132377,
        "top_market_share": 0.8551042407843523,
        "n_markets_per_log_dollar": 1.529744058255436,
        "mean_price": 0.7147737701599723,
        "tail_trade_pct": 0.6699368595151702,
        "log_active_days": -1.4277562128495085,
        "price_std": 0.054677116912694265,
        "burstiness": 0.007155772496621388
      },
      "features": {
        "log_notional": {
          "p25": 1.0941605477211545,
          "p50": 1.6324572921847242,
          "p75": 2.2647812297975296
        },
        "top_market_share": {
          "p25": 0.6951221631470009,
          "p50": 1.0,
          "p75": 1.0
        },
        "n_markets_per_log_dollar": {
          "p25": 0.5421502880418333,