{
  "K": 6,
  "fallback_used": false,
  "scaler": "standard",
  "scaler_comparison_k5": {
    "standard": 0.2141649145307049,
    "robust": 0.18037243213863002
  },
  "sweep": [
    {
      "k": 3,
      "silhouette": 0.18486155821669947,
      "min_cluster_pct": 0.26980433035709034,
      "median_jaccard": 0.987536361401302,
      "per_cluster_jaccard": [
        0.987536361401302,
        0.9860016505651628,
        0.9906903384472017
      ],
      "cluster_sizes_pct": [
        0.4151617795336919,
        0.3150338901092178,
        0.26980433035709034
      ]
    },
    {
      "k": 4,
      "silhouette": 0.176043450546122,
      "min_cluster_pct": 0.1633407964911001,
      "median_jaccard": 0.9466251305509483,
      "per_cluster_jaccard": [
        0.9728873790936152,
        0.9244552725222919,
        0.8575422568479922,
        0.9687949885796049
      ],
      "cluster_sizes_pct": [
        0.3876684946108785,
        0.2629404214115369,
        0.18605028748648456,
        0.1633407964911001
      ]
    },
    {
      "k": 5,
      "silhouette": 0.2141649145307049,
      "min_cluster_pct": 0.04490718898574392,
      "median_jaccard": 0.9573384741209257,
      "per_cluster_jaccard": [
        0.9661597922451828,
        0.9841954562062241,
        0.9571419900433085,
        0.9573384741209257,
        0.8444730570499863
      ],
      "cluster_sizes_pct": [
        0.4442010322923738,
        0.24815372144106793,
        0.1666821577193092,
        0.09605589956150516,
        0.04490718898574392
      ]
    },
    {
      "k": 6,
      "silhouette": 0.22330363017858493,
      "min_cluster_pct": 0.03631730225083034,
      "median_jaccard": 0.9860444481043468,
      "per_cluster_jaccard": [
        0.9920783785851748,
        0.9903289013923863,
        0.9873148176846089,
        0.9753546707594294,
        0.9847740785240846,
        0.9832992508682228
      ],
      "cluster_sizes_pct": [
        0.2661205972565542,
        0.24233810575408288,
        0.2095268797215846,
        0.14515979118845396,
        0.10053732382849405,
        0.03631730225083034
      ]
    }
  ],
  "selection_criteria": {
    "min_silhouette": 0.2,
    "min_median_jaccard": 0.75,
    "min_cluster_pct": 0.03
  },
  "cutoff_iso_compact": "20251023T140417Z",
  "features_parquet": "data/clustering/wallet_features_20251023T140417Z.parquet",
  "total_runtime_s": 122.76
}