{
  "K": 6,
  "seed": 42,
  "feat_cols": [
    "log_notional",
    "top_market_share",
    "n_markets_per_log_dollar",
    "mean_price",
    "tail_trade_pct",
    "log_active_days",
    "price_std",
    "burstiness"
  ],
  "scaler": "standard",
  "cutoff_iso_compact": "20260502T193524Z",
  "fallback_used": false,
  "clusters": {
    "0": {
      "size": 154876,
      "pct": 0.1350247903478495,
      "centroid": {
        "log_notional": 1.940374088689591,
        "top_market_share": 0.7663790163793576,
        "n_markets_per_log_dollar": 1.441097747390799,
        "mean_price": 0.9726264772629526,
        "tail_trade_pct": 0.9707839558423195,
        "log_active_days": -0.5550388369146508,
        "price_std": 0.019707251319738606,
        "burstiness": 0.014862257765653308
      },
      "features": {
        "log_notional": {
          "p25": 1.1461271050462083,
          "p50": 1.8476733248271784,
          "p75": 2.6560533156039394
        },
        "top_market_share": {
          "p25": 0.5055893434024205,
          "p50": 0.9112673258447066,
          "p75": 1.0
        },
        "n_markets_per_log_dollar": {
          "p25": 0.5785158405380612,
          "p50": 0.9533392979563283,
          "p75": 1.7221642244423325
        },
        "mean_price": {
          "p25": 0.977,
          "p50": 0.9931249045623267,
          "p75": 0.998
        },
        "tail_trade_pct": {
          "p25": 1.0,
          "p50": 1.0,
          "p75": 1.0
        },
        "log_active_days": {
          "p25": -2.0,
          "p50": -0.6444903913633524,
          "p75": 0.5900781534274666
        },
        "price_std": {
          "p25": 0.0005000000001089593,
          "p50": 0.0010000000000143778,
          "p75": 0.008499989822936704
        },
        "burstiness": {
          "p25": 0.0,
          "p50": 0.0,
          "p75": 0.0
        },
        "n_markets": {
          "p25": 1.0,
          "p50": 2.0,
          "p75": 2.0
        },
        "tx_count": {
          "p25": 2.0,
          "p50": 2.0,
          "p75": 4.0
        },
        "total_notional": {
          "p25": 13.999970000000001,
          "p50": 70.41631999999998,
          "p75": 452.9531835
        },
        "past_accuracy": {
          "n": 7353,
          "p25": 1.0,
          "p50": 1.0,
          "p75": 1.0
        },
        "n_resolved_prior": {
          "p25": 1.0,
          "p50": 1.0,
          "p75": 2.0
        }
      }
    },
    "1": {
      "size": 364351,
      "pct": 0.3176503615022942,
      "centroid": {
        "log_notional": 2.388565263210584,
        "top_market_share": 0.41333163812409424,
        "n_markets_per_log_dollar": 5.053271329159884,
        "mean_price": 0.5819271982718868,
        "tail_trade_pct": 0.6228090055970515,
        "log_active_days": 1.8438117394202695,
        "price_std": 0.32805746201907937,
        "burstiness": 0.29683188623282797
      },
      "features": {
        "log_notional": {
          "p25": 1.824808955329167,
          "p50": 2.3008996747395045,
          "p75": 2.9227200378396745
        },
        "top_market_share": {
          "p25": 0.22666616829906427,
          "p50": 0.3547463659412994,
          "p75": 0.534685233799707
        },
        "n_markets_per_log_dollar": {
          "p25": 2.3920620564604826,
          "p50": 4.117943597812322,
          "p75": 6.934405233977898
        },
        "mean_price": {
          "p25": 0.44283332978322176,
          "p50": 0.6033999990967739,
          "p75": 0.7477499638253161
        },
        "tail_trade_pct": {
          "p25": 0.36363636363636365,
          "p50": 0.6428571428571429,
          "p75": 0.9545454545454546
        },
        "log_active_days": {
          "p25": 1.486209270424199,
          "p50": 2.064327452471481,
          "p75": 2.4245402068256046
        },
        "price_std": {
          "p25": 0.26027677222685225,
          "p50": 0.3238523133806392,
          "p75": 0.40501288831129695
        },
        "burstiness": {
          "p25": 0.17146075193756438,
          "p50": 0.3050460964368409,
          "p75": 0.43024010890934306
        },
        "n_markets": {
          "p25": 5.0,
          "p50": 9.0,
          "p75": 16.0
        },
        "tx_count": {
          "p25": 8.0,
          "p50": 13.0,
          "p75": 23.0
        },
        "total_notional": {
          "p25": 66.80499800000001,
          "p50": 199.939994,
          "p75": 836.9895539999999
        },
        "past_accuracy": {
          "n": 251915,
          "p25": 0.555649306100274,
          "p50": 0.8216849850185538,
          "p75": 0.9605890240095076
        },
        "n_resolved_prior": {
          "p25": 4.0,
          "p50": 8.0,
          "p75": 14.0
        }
      }
    },
    "2": {
      "size": 208448,
      "pct": 0.1817302067358954,
      "centroid": {
        "log_notional": 1.711672595640397,
        "top_market_share": 0.6353040251158968,
        "n_markets_per_log_dollar": 2.6373415962035804,
        "mean_price": 0.500264032676322,
        "tail_trade_pct": 0.12533089389298857,
        "log_active_days": 0.5744636236078865,
        "price_std": 0.137018672049968,
        "burstiness": 0.09392883135471823
      },
      "features": {
        "log_notional": {
          "p25": 1.176090506277927,
          "p50": 1.6695028108651255,
          "p75": 2.176091256160385
        },
        "top_market_share": {
          "p25": 0.41818965048673035,
          "p50": 0.6069520373431587,
          "p75": 0.9443219398710292
        },
        "n_markets_per_log_dollar": {
          "p25": 1.0303847747878283,
          "p50": 1.8303124647554543,
          "p75": 3.3954768819183183
        },
        "mean_price": {
          "p25": 0.3497054921728871,
          "p50": 0.5037499708840034,
          "p75": 0.6449999951727823
        },
        "tail_trade_pct": {
          "p25": 0.0,
          "p50": 0.0,
          "p75": 0.25
        },
        "log_active_days": {
          "p25": -0.14515648490720245,
          "p50": 0.896092236863569,
          "p75": 1.6345305938465997
        },
        "price_std": {
          "p25": 0.05036608998255402,
          "p50": 0.12768475100387888,
          "p75": 0.20661652191900173
        },
        "burstiness": {
          "p25": 0.0,
          "p50": 0.04174645871359231,
          "p75": 0.19960124579020522
        },
        "n_markets": {
          "p25": 2.0,
          "p50": 3.0,
          "p75": 4.0
        },
        "tx_count": {
          "p25": 2.0,
          "p50": 4.0,
          "p75": 7.0
        },
        "total_notional": {
          "p25": 14.999974000000002,
          "p50": 46.719997500000005,
          "p75": 149.999999
        },
        "past_accuracy": {
          "n": 42353,
          "p25": 0.3675490754155378,
          "p50": 0.5587410894518364,
          "p75": 0.7542785011201176
        },
        "n_resolved_prior": {
          "p25": 0.0,
          "p50": 2.0,
          "p75": 4.0
        }
      }
    },
    "3": {
      "size": 139627,
      "pct": 0.12173032879141496,
      "centroid": {
        "log_notional": 1.311034982269066,
        "top_market_share": 0.5676101071314222,
        "n_markets_per_log_dollar": 4.00868608613713,
        "mean_price": 0.03180870160389859,
        "tail_trade_pct": 0.9347620417632327,
        "log_active_days": 0.5507715848127138,
        "price_std": 0.027758488199730202,
        "burstiness": 0.13693657551919425
      },
      "features": {
        "log_notional": {
          "p25": 0.8841941834020615,
          "p50": 1.2434270023168632,
          "p75": 1.678573732125652
        },
        "top_market_share": {
          "p25": 0.29211912467281964,
          "p50": 0.5117284028589872,
          "p75": 0.9174415783582033
        },
        "n_markets_per_log_dollar": {
          "p25": 1.358737696850949,
          "p50": 3.4010858140721476,
          "p75": 5.791368849758168
        },
        "mean_price": {
          "p25": 0.005071428571428572,