{
  "K": 6,
  "fallback_used": false,
  "scaler": "standard",
  "scaler_comparison_k5": {
    "standard": 0.2166867162988261,
    "robust": 0.18183836883766447
  },
  "sweep": [
    {
      "k": 3,
      "silhouette": 0.18680312719111414,
      "min_cluster_pct": 0.27604875661174677,
      "median_jaccard": 0.9885002287296304,
      "per_cluster_jaccard": [
        0.9873266549181445,
        0.9885002287296304,
        0.9939371953829041
      ],
      "cluster_sizes_pct": [
        0.41304751241395543,
        0.3109037309742978,
        0.27604875661174677
      ]
    },
    {
      "k": 4,
      "silhouette": 0.1778216825570315,
      "min_cluster_pct": 0.15463547744689118,
      "median_jaccard": 0.972252856524518,
      "per_cluster_jaccard": [
        0.9306444509444549,
        0.9825666128634032,
        0.9624038307936011,
        0.9821018822554348
      ],
      "cluster_sizes_pct": [
        0.37982157780221615,
        0.2668362130056655,
        0.19870673174522716,
        0.15463547744689118
      ]
    },
    {
      "k": 5,
      "silhouette": 0.2166867162988261,
      "min_cluster_pct": 0.0408430654343421,
      "median_jaccard": 0.9913137836594716,
      "per_cluster_jaccard": [
        0.9921845163915342,
        0.9517901134482691,
        0.9913137836594716,
        0.9936645307189487,
        0.9879562834380814
      ],
      "cluster_sizes_pct": [
        0.4507595335565998,
        0.2498832396967595,
        0.16192505669880325,
        0.09658910461349537,
        0.0408430654343421
      ]
    },
    {
      "k": 6,
      "silhouette": 0.22249385354846346,
      "min_cluster_pct": 0.03479892941699557,
      "median_jaccard": 0.9863900345449543,
      "per_cluster_jaccard": [
        0.9887681996341506,
        0.9937018997357907,
        0.9849122352521084,
        0.9799973810285296,
        0.9878678338378002,
        0.9785165038612491
      ],
      "cluster_sizes_pct": [
        0.2678039223989229,
        0.24250897030489696,
        0.21428971749611112,
        0.14197056519459428,
        0.09862789518847916,
        0.03479892941699557
      ]
    }
  ],
  "selection_criteria": {
    "min_silhouette": 0.2,
    "min_median_jaccard": 0.75,
    "min_cluster_pct": 0.03
  },
  "cutoff_iso_compact": "20250914T062844Z",
  "features_parquet": "data/clustering/wallet_features_20250914T062844Z.parquet",
  "total_runtime_s": 115.0
}