{
  "K": 6,
  "seed": 42,
  "feat_cols": [
    "log_notional",
    "top_market_share",
    "n_markets_per_log_dollar",
    "mean_price",
    "tail_trade_pct",
    "log_active_days",
    "price_std",
    "burstiness"
  ],
  "scaler": "standard",
  "cutoff_iso_compact": "20250823T035621Z",
  "fallback_used": false,
  "clusters": {
    "0": {
      "size": 77629,
      "pct": 0.09908293181020454,
      "centroid": {
        "log_notional": 1.2688966274338704,
        "top_market_share": 0.4205814713980595,
        "n_markets_per_log_dollar": 5.135924201380875,
        "mean_price": 0.02666682488133909,
        "tail_trade_pct": 0.9398574058051039,
        "log_active_days": 1.2670307350148293,
        "price_std": 0.027190148978632145,
        "burstiness": 0.18647062301504816
      },
      "features": {
        "log_notional": {
          "p25": 0.9166413127767411,
          "p50": 1.1962679549538642,
          "p75": 1.5040174372067363
        },
        "top_market_share": {
          "p25": 0.22640856788719402,
          "p50": 0.3468208092485549,
          "p75": 0.5490196078431373
        },
        "n_markets_per_log_dollar": {
          "p25": 2.892882687692557,
          "p50": 4.953639714905783,
          "p75": 6.399098746859675
        },
        "mean_price": {
          "p25": 0.005222222222222222,
          "p50": 0.006500000000000001,
          "p75": 0.016499999889834836
        },
        "tail_trade_pct": {
          "p25": 1.0,
          "p50": 1.0,
          "p75": 1.0
        },
        "log_active_days": {
          "p25": 0.7743851570202236,
          "p50": 1.512504971607594,
          "p75": 1.9636493564230104
        },
        "price_std": {
          "p25": 0.0014790199457749037,
          "p50": 0.0023133663614922882,
          "p75": 0.009426857959624222
        },
        "burstiness": {
          "p25": 0.004924231077744547,
          "p50": 0.18136434362806572,
          "p75": 0.3192591377354279
        },
        "n_markets": {
          "p25": 3.0,
          "p50": 5.0,
          "p75": 8.0
        },
        "tx_count": {
          "p25": 4.0,
          "p50": 7.0,
          "p75": 10.0
        },
        "total_notional": {
          "p25": 8.25356,
          "p50": 15.71332,
          "p75": 31.91666
        },
        "past_accuracy": {
          "n": 37083,
          "p25": 0.0,
          "p50": 0.0,
          "p75": 0.0
        },
        "n_resolved_prior": {
          "p25": 2.0,
          "p50": 4.0,
          "p75": 7.0
        }
      }
    },
    "1": {
      "size": 168306,
      "pct": 0.2148198730016912,
      "centroid": {
        "log_notional": 2.05993799739632,
        "top_market_share": 0.4393298555597084,
        "n_markets_per_log_dollar": 4.845087297236677,
        "mean_price": 0.6394223641594082,
        "tail_trade_pct": 0.8119494118460648,
        "log_active_days": 1.7177878341702195,
        "price_std": 0.3681930596114703,
        "burstiness": 0.20630720360864382
      },
      "features": {
        "log_notional": {
          "p25": 1.5845902535262264,
          "p50": 2.0467633977330504,
          "p75": 2.4732083508668237
        },
        "top_market_share": {
          "p25": 0.23103822305267052,
          "p50": 0.3840016620609072,
          "p75": 0.5914244635632259
        },
        "n_markets_per_log_dollar": {
          "p25": 2.352807752080672,
          "p50": 3.9556825370217448,
          "p75": 6.384667229691008
        },
        "mean_price": {
          "p25": 0.503,
          "p50": 0.6853917982038606,
          "p75": 0.7994
        },
        "tail_trade_pct": {
          "p25": 0.6666666666666666,
          "p50": 0.8571428571428571,
          "p75": 1.0
        },
        "log_active_days": {
          "p25": 1.4365794393020042,
          "p50": 2.0006011368443573,
          "p75": 2.2473566354309904
        },
        "price_std": {
          "p25": 0.3078894282070673,
          "p50": 0.3733311890294283,
          "p75": 0.4345000056561754
        },
        "burstiness": {
          "p25": 0.07347218089420764,
          "p50": 0.20569955533673734,
          "p75": 0.3333326216621295
        },
        "n_markets": {
          "p25": 4.0,
          "p50": 7.0,
          "p75": 12.0
        },
        "tx_count": {
          "p25": 6.0,
          "p50": 10.0,
          "p75": 17.0
        },
        "total_notional": {
          "p25": 38.42291,
          "p50": 111.3687635,
          "p75": 297.30920175
        },
        "past_accuracy": {
          "n": 109786,
          "p25": 0.7426695632800081,
          "p50": 0.9138196173303769,
          "p75": 0.9797900728869657
        },
        "n_resolved_prior": {
          "p25": 3.0,
          "p50": 7.0,
          "p75": 12.0
        }
      }
    },
    "2": {
      "size": 208621,
      "pct": 0.26627652445834266,
      "centroid": {
        "log_notional": 2.335391031831121,
        "top_market_share": 0.3797563827231262,
        "n_markets_per_log_dollar": 5.902740234888682,
        "mean_price": 0.5165758545370678,
        "tail_trade_pct": 0.20612856292542286,
        "log_active_days": 1.6364208746783202,
        "price_std": 0.20903084219527202,
        "burstiness": 0.2842054163606409
      },
      "features": {
        "log_notional": {
          "p25": 1.7158581647930702,
          "p50": 2.2349685431508397,
          "p75": 2.9350414937772245
        },
        "top_market_share": {
          "p25": 0.19862194363981409,
          "p50": 0.33333333333333337,
          "p75": 0.5138361779111207
        },
        "n_markets_per_log_dollar": {
          "p25": 2.337388370594112,
          "p50": 4.646894802942347,
          "p75": 8.15874667949549
        },
        "mean_price": {
          "p25": 0.40958515916330285,
          "p50": 0.5204582686049324,
          "p75": 0.6374999868837423
        },
        "tail_trade_pct": {
          "p25": 0.0,
          "p50": 0.2,
          "p75": 0.3333333333333333
        },
        "log_active_days": {
          "p25": 1.1987878213715342,
          "p50": 1.8312919653237258,
          "p75": 2.229225450738038
        },
        "price_std": {
          "p25": 0.15035502204137136,
          "p50": 0.21943831642752323,
          "p75": 0.274099890550872
        },
        "burstiness": {
          "p25": 0.1595377111294532,
          "p50": 0.29945748104153236,
          "p75": 0.4270933709173916
        },
        "n_markets": {
          "p25": 4.0,
          "p50": 9.0,
          "p75": 19.0
        },
        "tx_count": {
          "p25": 6.0,
          "p50": 13.0,
          "p75": 27.0
        },
        "total_notional": {
          "p25": 51.98262,
          "p50": 171.778396,
          "p75": 861.0760179999999
        },
        "past_accuracy": {
          "n": 149643,
          "p25": 0.42043337893298877,
          "p50": 0.6047956926295104,
          "p75": 0.7823915776657014
        },
        "n_resolved_prior": {
          "p25": 4.0,
          "p50": 9.0,
          "p75": 18.0
        }
      }
    },
    "3": {
      "size": 190601,
      "pct": 0.2432764287309742,
      "centroid": {
        "log_notional": 2.4204188123720662,
        "top_market_share": 0.4093302832822595,
        "n_markets_per_log_dollar": 4.276449855112263,
        "mean_price": 0.9714006952207372,
        "tail_trade_pct": 0.9416411252326522,
        "log_active_days": 1.5368153014689154,
        "price_std": 0.045161841527485855,
        "burstiness": 0.22399195942779693
      },
      "features": {
        "log_notional": {
          "p25": 1.7487073032549507,
          "p50": 2.36453960224389,
          "p75": 3.120017535876163
        },
        "top_market_share": {
          "p25": 0.20880783536100317,
          "p50": 0.3402646632266186,
          "p75": 0.5131646310550056
        },
        "n_markets_per_log_dollar": {
          "p25": 1.7688333036259922,
          "p50": 2.9978934979339567,
          "p75": 5.3665888142167315
        },