{
  "K": 6,
  "seed": 42,
  "feat_cols": [
    "log_notional",
    "top_market_share",
    "n_markets_per_log_dollar",
    "mean_price",
    "tail_trade_pct",
    "log_active_days",
    "price_std",
    "burstiness"
  ],
  "scaler": "standard",
  "cutoff_iso_compact": "20250922T180734Z",
  "fallback_used": false,
  "clusters": {
    "0": {
      "size": 27951,
      "pct": 0.03435666224983222,
      "centroid": {
        "log_notional": 2.5810624750394444,
        "top_market_share": 0.14614710992895064,
        "n_markets_per_log_dollar": 40.28085005606862,
        "mean_price": 0.5478826395371448,
        "tail_trade_pct": 0.4261319566012914,
        "log_active_days": 1.8351500675463936,
        "price_std": 0.2203163146638592,
        "burstiness": 0.49846974851283415
      },
      "features": {
        "log_notional": {
          "p25": 1.7513183807123922,
          "p50": 2.659735107135082,
          "p75": 3.8486343272666765
        },
        "top_market_share": {
          "p25": 0.05589228322997221,
          "p50": 0.09299822962400696,
          "p75": 0.16676255987551555
        },
        "n_markets_per_log_dollar": {
          "p25": 27.29808663718331,
          "p50": 37.95954404613853,
          "p75": 63.16081742461093
        },
        "mean_price": {
          "p25": 0.37653353820833113,
          "p50": 0.5461917947351974,
          "p75": 0.7565992414523585
        },
        "tail_trade_pct": {
          "p25": 0.17269457161543494,
          "p50": 0.35384615384615387,
          "p75": 0.6527777777777778
        },
        "log_active_days": {
          "p25": 1.7309078742509465,
          "p50": 2.2085018513116967,
          "p75": 2.436387163757357
        },
        "price_std": {
          "p25": 0.16786047126818926,
          "p50": 0.2336950214950745,
          "p75": 0.287076748828464
        },
        "burstiness": {
          "p25": 0.41415143196240223,
          "p50": 0.5434187078347326,
          "p75": 0.661415571422146
        },
        "n_markets": {
          "p25": 47.0,
          "p50": 84.0,
          "p75": 147.0
        },
        "tx_count": {
          "p25": 53.0,
          "p50": 104.0,
          "p75": 269.0
        },
        "total_notional": {
          "p25": 56.405100999999995,
          "p50": 456.809479,
          "p75": 7057.231210499999
        },
        "past_accuracy": {
          "n": 27332,
          "p25": 0.464965553161375,
          "p50": 0.6563664681756674,
          "p75": 0.8389446512013893
        },
        "n_resolved_prior": {
          "p25": 42.0,
          "p50": 78.0,
          "p75": 139.0
        }
      }
    },
    "1": {
      "size": 218361,
      "pct": 0.26840381830831145,
      "centroid": {
        "log_notional": 2.3751556512922867,
        "top_market_share": 0.36988027877517776,
        "n_markets_per_log_dollar": 6.166148282785012,
        "mean_price": 0.516551164126651,
        "tail_trade_pct": 0.2129846539042758,
        "log_active_days": 1.6760470603832187,
        "price_std": 0.21197418863189815,
        "burstiness": 0.29580780130980605
      },
      "features": {
        "log_notional": {
          "p25": 1.7538127529428444,
          "p50": 2.276345804481992,
          "p75": 2.981365505905203
        },
        "top_market_share": {
          "p25": 0.1918761602592316,
          "p50": 0.32294393841106717,
          "p75": 0.5015762481066809
        },
        "n_markets_per_log_dollar": {
          "p25": 2.4263625398653708,
          "p50": 4.8355099866582805,
          "p75": 8.454682150800204
        },
        "mean_price": {
          "p25": 0.40941174909116784,
          "p50": 0.5199999978174096,
          "p75": 0.6373651787881586
        },
        "tail_trade_pct": {
          "p25": 0.0,
          "p50": 0.2,
          "p75": 0.3448275862068966
        },
        "log_active_days": {
          "p25": 1.238567041573566,
          "p50": 1.8629279926940534,
          "p75": 2.257526918566942
        },
        "price_std": {
          "p25": 0.153989904506423,
          "p50": 0.22263571019160033,
          "p75": 0.27625525869991124
        },
        "burstiness": {
          "p25": 0.1707693164832892,
          "p50": 0.30868527696044007,
          "p75": 0.4373412646231346
        },
        "n_markets": {
          "p25": 5.0,
          "p50": 10.0,
          "p75": 20.0
        },
        "tx_count": {
          "p25": 7.0,
          "p50": 14.0,
          "p75": 29.0
        },
        "total_notional": {
          "p25": 56.729996,
          "p50": 188.94952500000002,
          "p75": 957.999993
        },
        "past_accuracy": {
          "n": 160673,
          "p25": 0.4217664586414852,
          "p50": 0.6049268987321286,
          "p75": 0.7831337128019036
        },
        "n_resolved_prior": {
          "p25": 4.0,
          "p50": 9.0,
          "p75": 19.0
        }
      }
    },
    "2": {
      "size": 116166,
      "pct": 0.14278830907352186,
      "centroid": {
        "log_notional": 1.712095086141605,
        "top_market_share": 0.8405031314801699,
        "n_markets_per_log_dollar": 1.551456370729932,
        "mean_price": 0.6861630586904829,
        "tail_trade_pct": 0.6391702562638394,
        "log_active_days": -1.2483666408397776,
        "price_std": 0.057699197473509004,
        "burstiness": 0.009545611163174983
      },
      "features": {
        "log_notional": {
          "p25": 1.1087917176888038,
          "p50": 1.6529898952826994,
          "p75": 2.2011206446019935
        },
        "top_market_share": {
          "p25": 0.6666666349999961,
          "p50": 1.0,
          "p75": 1.0
        },
        "n_markets_per_log_dollar": {
          "p25": 0.5646053523622971,
          "p50": 0.9266284080291267,
          "p75": 1.537243624994937
        },
        "mean_price": {
          "p25": 0.4166666666666667,
          "p50": 0.859,
          "p75": 0.9944999999999999
        },
        "tail_trade_pct": {
          "p25": 0.0,
          "p50": 1.0,
          "p75": 1.0
        },
        "log_active_days": {
          "p25": -2.0,
          "p50": -1.9203163889664543,
          "p75": -0.4959391645361356
        },
        "price_std": {
          "p25": 0.0005000000001459668,
          "p50": 0.004999999999999724,
          "p75": 0.06785720255152466
        },
        "burstiness": {
          "p25": 0.0,
          "p50": 0.0,
          "p75": 0.0
        },
        "n_markets": {
          "p25": 1.0,
          "p50": 1.0,
          "p75": 2.0
        },
        "tx_count": {
          "p25": 2.0,
          "p50": 2.0,
          "p75": 4.0
        },
        "total_notional": {
          "p25": 12.846703999999999,
          "p50": 44.976939,
          "p75": 158.89881075
        },
        "past_accuracy": {
          "n": 4278,
          "p25": 0.30769225147926316,
          "p50": 0.8339458262544341,
          "p75": 1.0
        },
        "n_resolved_prior": {
          "p25": 1.0,
          "p50": 1.0,
          "p75": 2.0
        }
      }
    },
    "3": {
      "size": 80242,
      "pct": 0.0986314368806496,
      "centroid": {
        "log_notional": 1.2754560139816502,
        "top_market_share": 0.42714425264847283,
        "n_markets_per_log_dollar": 5.109141773250685,
        "mean_price": 0.02797309066333875,
        "tail_trade_pct": 0.9358522804437179,
        "log_active_days": 1.252831555814824,
        "price_std": 0.028140483494912938,
        "burstiness": 0.186073434712067
      },
      "features": {
        "log_notional": {
          "p25": 0.9171942498831688,
          "p50": 1.2026104962482722,
          "p75": 1.5146810751615836
        },
        "top_market_share": {
          "p25": 0.22869347851373148,
          "p50": 0.35243827641216396,
          "p75": 0.5583868902056697
        },
        "n_markets_per_log_dollar": {
          "p25": 2.735233524983156,
          "p50": 4.916982539004644,
          "p75": 6.385680961977194
        },