{
  "K": 6,
  "seed": 42,
  "feat_cols": [
    "log_notional",
    "top_market_share",
    "n_markets_per_log_dollar",
    "mean_price",
    "tail_trade_pct",
    "log_active_days",
    "price_std",
    "burstiness"
  ],
  "scaler": "standard",
  "cutoff_iso_compact": "20250731T103528Z",
  "fallback_used": false,
  "clusters": {
    "0": {
      "size": 32300,
      "pct": 0.042724020026057685,
      "centroid": {
        "log_notional": 2.39704428757726,
        "top_market_share": 0.15028501702703267,
        "n_markets_per_log_dollar": 34.55192576066174,
        "mean_price": 0.5529449633948966,
        "tail_trade_pct": 0.4172651787561221,
        "log_active_days": 1.807068408834001,
        "price_std": 0.21605446820883561,
        "burstiness": 0.48671919904052696
      },
      "features": {
        "log_notional": {
          "p25": 1.674859570661707,
          "p50": 2.345893803612801,
          "p75": 3.475860901973112
        },
        "top_market_share": {
          "p25": 0.05934266877806895,
          "p50": 0.09572612133196737,
          "p75": 0.1715137385041442
        },
        "n_markets_per_log_dollar": {
          "p25": 22.39438955873563,
          "p50": 30.0,
          "p75": 50.849167403363964
        },
        "mean_price": {
          "p25": 0.3918935158951699,
          "p50": 0.5471866327772443,
          "p75": 0.7449074383180924
        },
        "tail_trade_pct": {
          "p25": 0.15873015873015872,
          "p50": 0.3392857142857143,
          "p75": 0.6428571428571429
        },
        "log_active_days": {
          "p25": 1.7484252198542252,
          "p50": 2.15689664735772,
          "p75": 2.354945215826846
        },
        "price_std": {
          "p25": 0.15364299338308748,
          "p50": 0.23031350544588658,
          "p75": 0.2860955124951296
        },
        "burstiness": {
          "p25": 0.409214857742057,
          "p50": 0.5358745438546479,
          "p75": 0.6337123581933058
        },
        "n_markets": {
          "p25": 38.0,
          "p50": 59.0,
          "p75": 106.0
        },
        "tx_count": {
          "p25": 41.0,
          "p50": 73.0,
          "p75": 174.0
        },
        "total_notional": {
          "p25": 47.299828999999995,
          "p50": 221.76540800000004,
          "p75": 2991.3065630000006
        },
        "past_accuracy": {
          "n": 31465,
          "p25": 0.46644241112473783,
          "p50": 0.6398612090021659,
          "p75": 0.8322961453685463
        },
        "n_resolved_prior": {
          "p25": 36.0,
          "p50": 57.0,
          "p75": 102.0
        }
      }
    },
    "1": {
      "size": 103224,
      "pct": 0.13653697347274857,
      "centroid": {
        "log_notional": 1.7112709892958455,
        "top_market_share": 0.8502881592816258,
        "n_markets_per_log_dollar": 1.5253459386117703,
        "mean_price": 0.7168462486878164,
        "tail_trade_pct": 0.6713225437753069,
        "log_active_days": -1.3841669298712118,
        "price_std": 0.053531925115978374,
        "burstiness": 0.00828250030329672
      },
      "features": {
        "log_notional": {
          "p25": 1.098679886680786,
          "p50": 1.6297335525462526,
          "p75": 2.236985902134319
        },
        "top_market_share": {
          "p25": 0.6739515667142619,
          "p50": 1.0,
          "p75": 1.0
        },
        "n_markets_per_log_dollar": {
          "p25": 0.5523287945258532,
          "p50": 0.9075796061817176,
          "p75": 1.504247112112426
        },
        "mean_price": {
          "p25": 0.46593651803137714,
          "p50": 0.9308183154485414,
          "p75": 0.9955
        },
        "tail_trade_pct": {
          "p25": 0.2,
          "p50": 1.0,
          "p75": 1.0
        },
        "log_active_days": {
          "p25": -2.0,
          "p50": -2.0,
          "p75": -0.8213943779023559
        },
        "price_std": {
          "p25": 0.0005000000001459668,
          "p50": 0.004000000000002,
          "p75": 0.050000002104000046
        },
        "burstiness": {
          "p25": 0.0,
          "p50": 0.0,
          "p75": 0.0
        },
        "n_markets": {
          "p25": 1.0,
          "p50": 1.0,
          "p75": 2.0
        },
        "tx_count": {
          "p25": 2.0,
          "p50": 2.0,
          "p75": 4.0
        },
        "total_notional": {
          "p25": 12.551045000000002,
          "p50": 42.6317885,
          "p75": 172.578187
        },
        "past_accuracy": {
          "n": 4029,
          "p25": 0.39816495244491057,
          "p50": 0.9122238450419307,
          "p75": 1.0
        },
        "n_resolved_prior": {
          "p25": 1.0,
          "p50": 1.0,
          "p75": 2.0
        }
      }
    },
    "2": {
      "size": 161912,
      "pct": 0.21416506286250933,
      "centroid": {
        "log_notional": 2.0611320444449137,
        "top_market_share": 0.4346865667685341,
        "n_markets_per_log_dollar": 4.923119863580802,
        "mean_price": 0.6391920704381373,
        "tail_trade_pct": 0.8045890329443036,
        "log_active_days": 1.7513121251038997,
        "price_std": 0.3655245572336319,
        "burstiness": 0.2154114504136583
      },
      "features": {
        "log_notional": {
          "p25": 1.5761108019139336,
          "p50": 2.0445143111201967,
          "p75": 2.4916472360449777
        },
        "top_market_share": {
          "p25": 0.22578509887954337,
          "p50": 0.3747658182093464,
          "p75": 0.5839215307669883
        },
        "n_markets_per_log_dollar": {
          "p25": 2.404199811391238,
          "p50": 4.140659593674441,
          "p75": 6.5710150390054105
        },
        "mean_price": {
          "p25": 0.503,
          "p50": 0.68853835913013,
          "p75": 0.800827853848168
        },
        "tail_trade_pct": {
          "p25": 0.6666666666666666,
          "p50": 0.84,
          "p75": 1.0
        },
        "log_active_days": {
          "p25": 1.5260828997050486,
          "p50": 2.0155986694503705,
          "p75": 2.234737725245277
        },
        "price_std": {
          "p25": 0.30503734688564016,
          "p50": 0.36942343666249594,
          "p75": 0.4309733546456479
        },
        "burstiness": {
          "p25": 0.08509996381908644,
          "p50": 0.21915541903093738,
          "p75": 0.3448325894893815
        },
        "n_markets": {
          "p25": 4.0,
          "p50": 8.0,
          "p75": 13.0
        },
        "tx_count": {
          "p25": 6.0,
          "p50": 11.0,
          "p75": 18.0
        },
        "total_notional": {
          "p25": 37.679992000000006,
          "p50": 110.7935075,
          "p75": 310.20388749999995
        },
        "past_accuracy": {
          "n": 110224,
          "p25": 0.7342708982291216,
          "p50": 0.9096009778314448,
          "p75": 0.9789573912935103
        },
        "n_resolved_prior": {
          "p25": 4.0,
          "p50": 7.0,
          "p75": 12.0
        }
      }
    },
    "3": {
      "size": 182646,
      "pct": 0.24159044463403503,
      "centroid": {
        "log_notional": 2.429283805741564,
        "top_market_share": 0.41137015756536677,
        "n_markets_per_log_dollar": 4.225944139984481,
        "mean_price": 0.9718281731704441,
        "tail_trade_pct": 0.9416918318917927,
        "log_active_days": 1.5392935316581355,
        "price_std": 0.04486316718881202,
        "burstiness": 0.2248483251064444
      },
      "features": {
        "log_notional": {
          "p25": 1.7433654175785223,
          "p50": 2.383595288019632,
          "p75": 3.1451772304388994
        },
        "top_market_share": {
          "p25": 0.20829202539595754,
          "p50": 0.33943787932050906,
          "p75": 0.5151776072508094
        },
        "n_markets_per_log_dollar": {
          "p25": 1.7855352329681313,
          "p50": 3.012982480715408,
          "p75": 5.291052303686717
        },