{
  "sim_id": "ac947656b3e44edf",
  "n_agents": 30,
  "n_ticks": 20,
  "pnl_mean": 13.99634789733287,
  "pnl_min": -6179.983515220527,
  "pnl_max": 5732.967499256998,
  "priors": {
    "signal_mu": 0.15,
    "n_ticks": 20,
    "tick_size": 0.01,
    "taker_fee_bps": 0.0,
    "bootstrap_source": "dataapi_trades_dispersion",
    "pnl_summary": {
      "n_agents": 30,
      "mean_pnl": 13.99634789733287
    }
  }
}