{
  "sim_id": "c0a04e666bc74448",
  "n_agents": 30,
  "n_ticks": 20,
  "pnl_mean": 45.010695015636244,
  "pnl_min": -7988.945789009698,
  "pnl_max": 9047.685850557034,
  "priors": {
    "signal_mu": 0.15,
    "n_ticks": 20,
    "tick_size": 0.01,
    "taker_fee_bps": 0.0,
    "bootstrap_source": "dataapi_trades_dispersion",
    "pnl_summary": {
      "n_agents": 30,
      "mean_pnl": 45.010695015636244
    }
  }
}