{
  "sim_id": "b44ea569cd424bec",
  "n_agents": 30,
  "n_ticks": 20,
  "pnl_mean": -4.958823522000276,
  "pnl_min": -18767.714285714283,
  "pnl_max": 30933.034539432643,
  "priors": {
    "signal_mu": 0.15,
    "n_ticks": 20,
    "tick_size": 0.01,
    "taker_fee_bps": 0.0,
    "bootstrap_source": "dataapi_trades_dispersion",
    "pnl_summary": {
      "n_agents": 30,
      "mean_pnl": -4.958823522000276
    }
  }
}