{
  "sim_id": "06af644d747d4c1f",
  "n_agents": 30,
  "n_ticks": 20,
  "pnl_mean": 21.764705803999686,
  "pnl_min": -11849.841369247788,
  "pnl_max": 35802.42523419687,
  "priors": {
    "signal_mu": 0.15,
    "n_ticks": 20,
    "tick_size": 0.01,
    "taker_fee_bps": 0.0,
    "bootstrap_source": "dataapi_trades_dispersion",
    "pnl_summary": {
      "n_agents": 30,
      "mean_pnl": 21.764705803999686
    }
  }
}