{
  "sim_id": "fe42a06ec62a4ece",
  "n_agents": 30,
  "n_ticks": 20,
  "pnl_mean": 11.501405675110572,
  "pnl_min": -8544.211083646174,
  "pnl_max": 24755.899657034694,
  "priors": {
    "signal_mu": 0.15,
    "n_ticks": 20,
    "tick_size": 0.01,
    "taker_fee_bps": 0.0,
    "bootstrap_source": "dataapi_trades_dispersion",
    "pnl_summary": {
      "n_agents": 30,
      "mean_pnl": 11.501405675110572
    }
  }
}