{
  "sim_id": "bef982dccc694f8d",
  "n_agents": 30,
  "n_ticks": 20,
  "pnl_mean": 39.1176469180001,
  "pnl_min": -11378.70974342972,
  "pnl_max": 11657.056331367892,
  "priors": {
    "signal_mu": 0.15,
    "n_ticks": 20,
    "tick_size": 0.01,
    "taker_fee_bps": 0.0,
    "bootstrap_source": "dataapi_trades_dispersion",
    "pnl_summary": {
      "n_agents": 30,
      "mean_pnl": 39.1176469180001
    }
  }
}