{
  "sim_id": "dd10f7dee0594853",
  "n_agents": 30,
  "n_ticks": 20,
  "pnl_mean": -2.058823521999117,
  "pnl_min": -9874.115569279962,
  "pnl_max": 5535.096502458411,
  "priors": {
    "signal_mu": 0.15,
    "n_ticks": 20,
    "tick_size": 0.01,
    "taker_fee_bps": 0.0,
    "bootstrap_source": "dataapi_trades_dispersion",
    "pnl_summary": {
      "n_agents": 30,
      "mean_pnl": -2.058823521999117
    }
  }
}