{
  "sim_id": "77af0592530c44db",
  "n_agents": 30,
  "n_ticks": 20,
  "pnl_mean": 21.764705804000883,
  "pnl_min": -37244.764820485434,
  "pnl_max": 34156.11278441979,
  "priors": {
    "signal_mu": 0.15,
    "n_ticks": 20,
    "tick_size": 0.01,
    "taker_fee_bps": 0.0,
    "bootstrap_source": "dataapi_trades_dispersion",
    "pnl_summary": {
      "n_agents": 30,
      "mean_pnl": 21.764705804000883
    }
  }
}