{
  "sim_id": "0560d1f99bf542d1",
  "n_agents": 30,
  "n_ticks": 20,
  "pnl_mean": 45.98039198533323,
  "pnl_min": -17155.80380288661,
  "pnl_max": 13272.928517887347,
  "priors": {
    "signal_mu": 0.15,
    "n_ticks": 20,
    "tick_size": 0.01,
    "taker_fee_bps": 0.0,
    "bootstrap_source": "dataapi_trades_dispersion",
    "pnl_summary": {
      "n_agents": 30,
      "mean_pnl": 45.98039198533323
    }
  }
}