{
  "sim_id": "3c801b734e0440b6",
  "n_agents": 30,
  "n_ticks": 48,
  "pnl_mean": 2.4066666666666547,
  "pnl_min": -741.3639245285071,
  "pnl_max": 460.36875699888014,
  "priors": {
    "signal_mu": 0.05726679493289395,
    "n_ticks": 48,
    "tick_size": 0.001,
    "taker_fee_bps": 0.0,
    "bootstrap_source": "dataapi_trades_dispersion",
    "pnl_summary": {
      "n_agents": 30,
      "mean_pnl": 2.4066666666666547
    }
  }
}