{
  "sim_id": "e91217cb8f1640fa",
  "n_agents": 30,
  "n_ticks": 20,
  "pnl_mean": -22.06532671700374,
  "pnl_min": -27942.830769230728,
  "pnl_max": 26821.899028085027,
  "priors": {
    "signal_mu": 0.15,
    "n_ticks": 20,
    "tick_size": 0.01,
    "taker_fee_bps": 0.0,
    "bootstrap_source": "dataapi_trades_dispersion",
    "pnl_summary": {
      "n_agents": 30,
      "mean_pnl": -22.06532671700374
    }
  }
}