{
  "sim_id": "fb1bbd4e289f4e36",
  "n_agents": 30,
  "n_ticks": 8,
  "pnl_mean": -0.1052719549999883,
  "pnl_min": -324.4000000000001,
  "pnl_max": 268.88482379350717,
  "priors": {
    "signal_mu": 0.165,
    "n_ticks": 8,
    "tick_size": 0.001,
    "taker_fee_bps": 0.0,
    "bootstrap_source": "dataapi_trades_dispersion",
    "pnl_summary": {
      "n_agents": 30,
      "mean_pnl": -0.1052719549999883
    }
  }
}