{
  "sim_id": "8eac42eb31284108",
  "n_agents": 9,
  "n_ticks": 20,
  "pnl_mean": 30.72422389697105,
  "pnl_min": -1581.0457525022211,
  "pnl_max": 1366.666666666666,
  "priors": {
    "signal_mu": 0.15,
    "n_ticks": 20,
    "tick_size": 0.01,
    "taker_fee_bps": 0.0,
    "bootstrap_source": "dataapi_trades_dispersion",
    "pnl_summary": {
      "n_agents": 9,
      "mean_pnl": 30.72422389697105
    }
  }
}