{
  "sim_id": "c77079afef5944bb",
  "n_agents": 30,
  "n_ticks": 20,
  "pnl_mean": 21.764372470667272,
  "pnl_min": -14590.596628492429,
  "pnl_max": 14961.356491835038,
  "priors": {
    "signal_mu": 0.15,
    "n_ticks": 20,
    "tick_size": 0.01,
    "taker_fee_bps": 0.0,
    "bootstrap_source": "dataapi_trades_dispersion",
    "pnl_summary": {
      "n_agents": 30,
      "mean_pnl": 21.764372470667272
    }
  }
}