{
  "sim_id": "da5518531d3141b7",
  "n_agents": 30,
  "n_ticks": 48,
  "pnl_mean": 0.8690000000000832,
  "pnl_min": -1677.611442618242,
  "pnl_max": 2889.8840299277613,
  "priors": {
    "signal_mu": 0.9528869282709627,
    "n_ticks": 48,
    "tick_size": 0.001,
    "taker_fee_bps": 0.0,
    "bootstrap_source": "dataapi_trades_dispersion",
    "pnl_summary": {
      "n_agents": 30,
      "mean_pnl": 0.8690000000000832
    }
  }
}