{
  "sim_id": "93ef778f9e0c4bf2",
  "n_agents": 30,
  "n_ticks": 20,
  "pnl_mean": -4.117647043999887,
  "pnl_min": -24463.846573459545,
  "pnl_max": 38318.988803882035,
  "priors": {
    "signal_mu": 0.15,
    "n_ticks": 20,
    "tick_size": 0.01,
    "taker_fee_bps": 0.0,
    "bootstrap_source": "dataapi_trades_dispersion",
    "pnl_summary": {
      "n_agents": 30,
      "mean_pnl": -4.117647043999887
    }
  }
}