{
  "sim_id": "9945c66533924f98",
  "n_agents": 30,
  "n_ticks": 20,
  "pnl_mean": 7.886274462156398,
  "pnl_min": -20248.758060498796,
  "pnl_max": 30940.79423033727,
  "priors": {
    "signal_mu": 0.15,
    "n_ticks": 20,
    "tick_size": 0.01,
    "taker_fee_bps": 0.0,
    "bootstrap_source": "dataapi_trades_dispersion",
    "pnl_summary": {
      "n_agents": 30,
      "mean_pnl": 7.886274462156398
    }
  }
}