{
  "sim_id": "ac5e343dbc0b4966",
  "n_agents": 30,
  "n_ticks": 20,
  "pnl_mean": 47.647058651998215,
  "pnl_min": -16545.517419354845,
  "pnl_max": 15089.583969603584,
  "priors": {
    "signal_mu": 0.15,
    "n_ticks": 20,
    "tick_size": 0.01,
    "taker_fee_bps": 0.0,
    "bootstrap_source": "dataapi_trades_dispersion",
    "pnl_summary": {
      "n_agents": 30,
      "mean_pnl": 47.647058651998215
    }
  }
}