{
  "sim_id": "e545252263cc403b",
  "n_agents": 30,
  "n_ticks": 8,
  "pnl_mean": 0.13812675000004074,
  "pnl_min": -1797.4115094767894,
  "pnl_max": 1769.3526770973695,
  "priors": {
    "signal_mu": 0.9394666543791418,
    "n_ticks": 8,
    "tick_size": 0.001,
    "taker_fee_bps": 0.0,
    "bootstrap_source": "dataapi_trades_dispersion",
    "pnl_summary": {
      "n_agents": 30,
      "mean_pnl": 0.13812675000004074
    }
  }
}