{
  "sim_id": "978c1ea29faa4442",
  "n_agents": 30,
  "n_ticks": 48,
  "pnl_mean": 90.33333333333199,
  "pnl_min": -41066.04420346487,
  "pnl_max": 36759.255574642346,
  "priors": {
    "signal_mu": 0.026,
    "n_ticks": 48,
    "tick_size": 0.001,
    "taker_fee_bps": 0.0,
    "bootstrap_source": "dataapi_trades_dispersion",
    "pnl_summary": {
      "n_agents": 30,
      "mean_pnl": 90.33333333333199
    }
  }
}