{
  "sim_id": "f88738c3275546c0",
  "n_agents": 30,
  "n_ticks": 20,
  "pnl_mean": 47.48039198533336,
  "pnl_min": -1330.1402755240015,
  "pnl_max": 1395.2096783775828,
  "priors": {
    "signal_mu": 0.15,
    "n_ticks": 20,
    "tick_size": 0.01,
    "taker_fee_bps": 0.0,
    "bootstrap_source": "dataapi_trades_dispersion",
    "pnl_summary": {
      "n_agents": 30,
      "mean_pnl": 47.48039198533336
    }
  }
}